AZO,ATL,596
AZO,DTW,113
AZO,MSP,426
AZO,ORD,122
BIS,DEN,516
BIS,DFW,977
BIS,MSP,386
BIS,ORD,716
MDT,ATL,620
MDT,CLT,413
MDT,DEN,1474
MDT,DTW,371
MDT,MCO,851
MDT,ORD,594
ONT,ATL,1900
ONT,DEN,819
ONT,DFW,1188
ONT,IAH,1334
ONT,LAS,197
ONT,MDW,1706
ONT,OAK,362
ONT,PDX,838
ONT,PHX,325
ONT,SEA,956
ONT,SFO,363
ONT,SJC,333
ONT,SLC,558
ONT,SMF,390
SMX,LAX,134
SMX,SFO,216
BTV,ATL,961
BTV,DTW,537
BTV,EWR,266
BTV,IAD,441
BTV,JFK,266
BTV,LGA,258
BTV,ORD,763
ADQ,ANC,253
BGM,DTW,378
SCE,ATL,615
SCE,DTW,301
SCE,ORD,528
DSM,ATL,743
DSM,DEN,589
DSM,DFW,624
DSM,DTW,533.783068783069
DSM,EWR,1017
DSM,IAH,802
DSM,LAS,1216
DSM,LGA,1031
DSM,MDW,306
DSM,MSP,232
DSM,ORD,299
DSM,PHX,1149.212121212121
DSM,SLC,955
EAU,ORD,268.252054794521
RDU,ATL,356
RDU,BDL,532
RDU,BNA,442
RDU,BOS,612
RDU,BWI,255
RDU,CLE,416
RDU,CLT,130
RDU,CVG,390
RDU,DAL,1052
RDU,DCA,227
RDU,DEN,1436
RDU,DFW,1061
RDU,DTW,501
RDU,EWR,416
RDU,FLL,680
RDU,HOU,1050
RDU,IAD,224
RDU,IAH,1042
RDU,IND,489
RDU,JFK,427
RDU,LAS,2026
RDU,LAX,2239
RDU,LGA,431
RDU,MCO,534
RDU,MDW,632
RDU,MIA,700
RDU,MSP,980
RDU,ORD,646
RDU,PHF,154
RDU,PHL,337
RDU,PHX,1891
RDU,SEA,2354
RDU,SFO,2400
RDU,STL,667
RDU,TPA,587
RDU,TTN,373
MCI,ABQ,718
MCI,ATL,692
MCI,AUS,650
MCI,BNA,491
MCI,BOS,1256
MCI,BWI,967
MCI,CLT,808
MCI,CVG,539
MCI,DAL,460
MCI,DCA,949
MCI,DEN,533
MCI,DFW,460
MCI,DLH,536
MCI,DTW,629
MCI,EWR,1092
MCI,FLL,1242
MCI,HOU,666
MCI,IAD,926
MCI,IAH,643
MCI,IND,451
MCI,LAS,1139
MCI,LAX,1363
MCI,LGA,1107
MCI,LNK,152
MCI,MCO,1072
MCI,MDW,405
MCI,MIA,1251
MCI,MKE,436
MCI,MSP,393
MCI,MSY,689
MCI,OAK,1489
MCI,ORD,403
MCI,PDX,1482
MCI,PHX,1044
MCI,RSW,1155
MCI,SAN,1334
MCI,SEA,1489
MCI,SFO,1499
MCI,SLC,920
MCI,SNA,1342
MCI,STL,237
MCI,TPA,1048
FSD,ATL,954
FSD,DEN,483
FSD,DFW,737
FSD,LAR,482
FSD,LNK,189
FSD,MSP,196
FSD,ORD,462
IND,ATL,432
IND,BOS,818
IND,BWI,516
IND,CLT,427
IND,DAL,755
IND,DCA,500
IND,DEN,977
IND,DFW,761
IND,DTW,231
IND,EWR,645
IND,FLL,1005
IND,HOU,861
IND,IAD,476
IND,IAH,844
IND,JFK,665
IND,LAS,1590
IND,LAX,1814
IND,LGA,660
IND,MCI,451
IND,MCO,829
IND,MSP,503
IND,ORD,177
IND,PHL,588
IND,PHX,1488
IND,RDU,489
IND,RSW,945
IND,SFO,1943
IND,SLC,1355
IND,TPA,837
IND,TTN,610
CMX,ORD,359.252054794521
SBN,ATL,566
SBN,COS,990
SBN,CVG,203
SBN,DTW,157
SBN,EWR,637
SBN,IAH,953
SBN,MSP,411
SBN,ORD,84
MCO,ABQ,1553
MCO,ACY,852
MCO,ALB,1073
MCO,ATL,404
MCO,AUS,994
MCO,BDL,1050
MCO,BHM,479
MCO,BMI,936
MCO,BNA,616
MCO,BOS,1121
MCO,BQN,1129
MCO,BUF,1011
MCO,BWI,787
MCO,CAK,861
MCO,CLE,895
MCO,CLT,468
MCO,CMH,802
MCO,CVG,757
MCO,DAL,973
MCO,DAY,808
MCO,DCA,759
MCO,DEN,1546
MCO,DFW,985
MCO,DTW,957
MCO,EWR,937
MCO,FLL,177
MCO,FNT,1011
MCO,GRR,1024
MCO,HOU,849
MCO,HPN,972
MCO,IAD,758
MCO,IAH,854
MCO,ILG,841
MCO,IND,829
MCO,ISP,971
MCO,JFK,944
MCO,LAS,2039
MCO,LAX,2218
MCO,LBE,824
MCO,LGA,950
MCO,MCI,1072
MCO,MDT,851
MCO,MDW,990
MCO,MEM,684
MCO,MHT,1142
MCO,MIA,192
MCO,MKE,1066
MCO,MSN,1109
MCO,MSP,1310
MCO,MSY,551
MCO,OMA,1211
MCO,ORD,1005
MCO,ORF,655
MCO,ORH,1091
MCO,PHL,861
MCO,PHX,1849
MCO,PIT,834
MCO,PSE,1179
MCO,PVD,1072
MCO,PWM,1214
MCO,RDU,534
MCO,RIC,667
MCO,ROC,1033
MCO,SAN,2149
MCO,SAT,1041
MCO,SDF,719
MCO,SEA,2554
MCO,SFO,2446
MCO,SJU,1189
MCO,SLC,1931
MCO,STL,882
MCO,SWF,989
MCO,SYR,1053
MCO,TTN,896
EGE,ATL,1312
EGE,DEN,120
EGE,DFW,721
EGE,EWR,1725
EGE,IAH,934
EGE,JFK,1746
EGE,LAX,748
EGE,MIA,1810
EGE,MSP,788
EGE,ORD,1007
EGE,SLC,279
GSP,ATL,153
GSP,BWI,426
GSP,DCA,396
GSP,DFW,862
GSP,DTW,508
GSP,EWR,594
GSP,HOU,845
GSP,IAD,384
GSP,IAH,837
GSP,LGA,610
GSP,MDW,562
GSP,MIA,637
GSP,ORD,577.692225772098
GSP,RIC,328
MHK,DFW,431
MHK,ORD,501
GRK,ATL,803
GRK,DFW,134
GRK,IAH,166
GRK,MEI,542
PIA,ATL,565
PIA,DEN,793
PIA,DFW,672
PIA,DTW,346
PIA,IAH,802
PIA,MSP,342
PIA,ORD,130
LWS,SLC,461
RST,ATL,831
RST,CLE,569
RST,DTW,477
RST,MSP,76
RST,ORD,268
TVC,ATL,769
TVC,DTW,207
TVC,EWR,644
TVC,LGA,655
TVC,MSP,376
TVC,ORD,224
UST,IAD,658
UST,TTN,801
MGM,ATL,147
MGM,DFW,622
BGR,DTW,750
BGR,EWR,393
BGR,LGA,378
DFW,ABI,158
DFW,ABQ,569
DFW,ACT,89
DFW,AEX,285
DFW,AMA,312
DFW,ANC,3043
DFW,ASE,701
DFW,ATL,731
DFW,AUS,190
DFW,BDL,1471
DFW,BHM,597
DFW,BIS,977
DFW,BMI,690
DFW,BNA,631
DFW,BOS,1562
DFW,BPT,270
DFW,BRO,482
DFW,BTR,383
DFW,BWI,1217
DFW,CAE,922
DFW,CHA,695
DFW,CHS,987
DFW,CID,685
DFW,CLE,1021
DFW,CLL,164
DFW,CLT,936
DFW,CMH,926
DFW,CMI,692.247933884297
DFW,COS,592
DFW,COU,489
DFW,CRP,354
DFW,CRW,946
DFW,CVG,812
DFW,DAY,861
DFW,DCA,1192
DFW,DEN,641
DFW,DRO,674
DFW,DSM,624
DFW,DTW,986
DFW,EGE,721
DFW,ELP,551
DFW,EVV,642
DFW,EWR,1372
DFW,FAR,968
DFW,FAT,1313
DFW,FLL,1119
DFW,FSD,737
DFW,FSM,227
DFW,FWA,859
DFW,GCK,404
DFW,GGG,140
DFW,GJT,773
DFW,GPT,500
DFW,GRI,561
DFW,GRK,134
DFW,GRR,931
DFW,GSO,999
DFW,GSP,862
DFW,GUC,678
DFW,HDN,769
DFW,HNL,3784
DFW,HOU,247
DFW,HSV,603
DFW,IAD,1172
DFW,IAH,224
DFW,ICT,328
DFW,IND,761
DFW,JAC,1047
DFW,JAN,408
DFW,JAX,918
DFW,JFK,1391
DFW,JLN,327
DFW,LAS,1055
DFW,LAW,140
DFW,LAX,1235
DFW,LBB,282
DFW,LCH,295
DFW,LEX,785
DFW,LFT,351
DFW,LGA,1389
DFW,LIT,304
DFW,LRD,396
DFW,MAF,309
DFW,MCI,460
DFW,MCO,985
DFW,MEI,485
DFW,MEM,431.216473072862
DFW,MFE,469
DFW,MGM,622
DFW,MHK,431
DFW,MIA,1121
DFW,MKE,853
DFW,MLI,691
DFW,MLU,293
DFW,MOB,539
DFW,MSN,821
DFW,MSP,852
DFW,MSY,447
DFW,MTJ,722
DFW,MYR,1048
DFW,OAK,1457
DFW,OGG,3711
DFW,OKC,175
DFW,OMA,583
DFW,ONT,1188
DFW,ORD,802
DFW,ORF,1212
DFW,PBI,1102
DFW,PDX,1616
DFW,PHL,1303
DFW,PHX,868
DFW,PIA,672
DFW,PIT,1067
DFW,PNS,604
DFW,PSP,1126
DFW,RAP,835
DFW,RDU,1061
DFW,RIC,1158
DFW,RNO,1345
DFW,ROW,435
DFW,RSW,1017
DFW,SAF,551
DFW,SAN,1171
DFW,SAT,247
DFW,SAV,925
DFW,SDF,733
DFW,SEA,1660
DFW,SFO,1464
DFW,SGF,364
DFW,SHV,190
DFW,SJC,1438
DFW,SJT,229
DFW,SJU,2165
DFW,SLC,989
DFW,SMF,1431
DFW,SNA,1205
DFW,SPI,630
DFW,SPS,113
DFW,STL,550
DFW,TLH,767
DFW,TPA,929
DFW,TUL,237
DFW,TUS,813
DFW,TXK,181
DFW,TYR,102
DFW,TYS,771.747184684685
DFW,VPS,641
DFW,XNA,280
GGG,DFW,140
FSM,ATL,579
FSM,DFW,227
MFE,DFW,469
MFE,IAH,316
RSW,ACY,982
RSW,ALB,1205
RSW,ATL,515
RSW,BDL,1180
RSW,BNA,722
RSW,BOS,1249
RSW,BUF,1144
RSW,BWI,919
RSW,CAK,991
RSW,CLE,1025
RSW,CLT,600
RSW,CMH,930
RSW,CVG,879
RSW,DCA,892
RSW,DEN,1607
RSW,DFW,1017
RSW,DTW,1084
RSW,EWR,1068
RSW,FNT,1138
RSW,GRR,1147
RSW,HOU,853
RSW,HPN,1102
RSW,IAD,891
RSW,IAH,861
RSW,IND,945
RSW,ISP,1101
RSW,JFK,1074
RSW,LBE,956
RSW,LGA,1080
RSW,MCI,1155
RSW,MDW,1105
RSW,MKE,1183
RSW,MSP,1416
RSW,ORD,1120
RSW,PHL,993
RSW,PIT,966
RSW,PVD,1200
RSW,STL,979
RSW,TTN,1028
SPS,DFW,113
SJC,ATL,2116
SJC,AUS,1476
SJC,BOS,2689
SJC,BUR,296
SJC,DAL,1450
SJC,DEN,948
SJC,DFW,1438
SJC,HNL,2417
SJC,IAH,1608
SJC,JFK,2569
SJC,KOA,2384
SJC,LAS,386
SJC,LAX,308
SJC,LIH,2466
SJC,MDW,1838
SJC,MSP,1576
SJC,OGG,2355
SJC,ONT,333
SJC,ORD,1829
SJC,PDX,569
SJC,PHX,621
SJC,SAN,417
SJC,SEA,697
SJC,SLC,584
SJC,SNA,342
ABE,ATL,692
ABE,DTW,425
ABE,ORD,654.273954116059
LGA,AGS,678
LGA,ATL,762
LGA,BGR,378
LGA,BHM,866
LGA,BNA,764
LGA,BOS,184
LGA,BTV,258
LGA,BUF,292
LGA,BZN,1894
LGA,CAE,617
LGA,CAK,397
LGA,CHO,305
LGA,CHS,641
LGA,CLE,419
LGA,CLT,544
LGA,CMH,479
LGA,CVG,585
LGA,DAL,1381
LGA,DAY,549
LGA,DCA,214
LGA,DEN,1620
LGA,DFW,1389
LGA,DSM,1031
LGA,DTW,502
LGA,EYW,1207
LGA,FLL,1076
LGA,GRR,618
LGA,GSO,461
LGA,GSP,610
LGA,HOU,1428
LGA,IAD,229
LGA,IAH,1416
LGA,ILM,500
LGA,IND,660
LGA,JAX,833
LGA,LEX,604
LGA,LIT,1085
LGA,MCI,1107
LGA,MCO,950
LGA,MDW,725
LGA,MEM,963
LGA,MHT,195
LGA,MIA,1096
LGA,MKE,738
LGA,MSN,812
LGA,MSP,1020
LGA,MSY,1183
LGA,MTJ,1810
LGA,MYR,563
LGA,OMA,1148
LGA,ORD,733
LGA,ORF,296
LGA,PBI,1035
LGA,PHL,96
LGA,PIT,335
LGA,PWM,269
LGA,RDU,431
LGA,RIC,292
LGA,ROC,254
LGA,RSW,1080
LGA,SAV,722
LGA,SDF,659
LGA,SRQ,1047
LGA,STL,888
LGA,SYR,198
LGA,TPA,1010
LGA,TVC,655
LGA,TYS,647
LGA,XNA,1147
PHF,ATL,508
PHF,DEN,1533
SUX,ORD,436
MKG,ORD,118
ABI,DFW,158
STT,ATL,1599
STT,BOS,1693
STT,CLT,1520
STT,EWR,1634
STT,FLL,1107
STT,IAD,1606
STT,IAH,2070
STT,JFK,1623
STT,MIA,1107
STT,ORD,2116
STT,PHL,1605
STT,SJU,68
ICT,ATL,782
ICT,DAL,333
ICT,DEN,420
ICT,DFW,328
ICT,IAH,542
ICT,LAS,986
ICT,LAX,1203
ICT,MDW,589
ICT,MSP,545
ICT,ORD,588
RAP,ATL,1230
RAP,DEN,300
RAP,DFW,835
RAP,IAH,1058
RAP,JMS,291
RAP,MSP,489
RAP,ORD,779
RAP,SLC,508
SAF,DEN,303
SAF,DFW,551
SAF,LAX,710
FNT,ATL,645
FNT,BWI,452
FNT,LAS,1733
FNT,MCO,1011
FNT,MSP,491
FNT,ORD,223
FNT,RSW,1138
FNT,TPA,1036
HNL,ANC,2777
HNL,ATL,4502
HNL,BLI,2715
HNL,DEN,3365
HNL,DFW,3784
HNL,EWR,4962
HNL,GUM,3801
HNL,IAD,4817
HNL,IAH,3904
HNL,ITO,216
HNL,JFK,4983
HNL,KOA,163
HNL,LAS,2762
HNL,LAX,2556
HNL,LIH,102
HNL,MSP,3972
HNL,OAK,2409
HNL,OGG,100
HNL,ORD,4243
HNL,PDX,2603
HNL,PHX,2917
HNL,PPG,2599
HNL,SAN,2614
HNL,SEA,2677
HNL,SFO,2398
HNL,SJC,2417
HNL,SLC,2994
HNL,SMF,2462
ITO,HNL,216
ITO,LAX,2449
ITO,OGG,121
ISN,DEN,576
ISN,IAH,1330
ISN,MSP,546
AUS,ATL,813
AUS,BNA,756
AUS,BOS,1698
AUS,BWI,1342
AUS,CLT,1032
AUS,DAL,189
AUS,DCA,1315
AUS,DEN,775
AUS,DFW,190
AUS,DTW,1149
AUS,ELP,528
AUS,EWR,1504
AUS,FLL,1105
AUS,HOU,148
AUS,HRL,273
AUS,IAD,1297
AUS,IAH,140
AUS,JFK,1521
AUS,LAS,1090
AUS,LAX,1242
AUS,LBB,341
AUS,LGB,1226
AUS,MCO,994
AUS,MDW,972
AUS,MEM,559
AUS,MIA,1103
AUS,MSP,1042
AUS,MSY,444
AUS,OAK,1497
AUS,ORD,977.748502994012
AUS,PDX,1715
AUS,PHL,1430
AUS,PHX,872
AUS,SAN,1164
AUS,SEA,1770
AUS,SFO,1504
AUS,SJC,1476
AUS,SLC,1086
AUS,SNA,1209
AUS,STL,721
AUS,TPA,928
PUB,DEN,109
LEX,ATL,304
LEX,DCA,414
LEX,DFW,785
LEX,DTW,296
LEX,IAH,828
LEX,LGA,604
LEX,MSP,650
LEX,ORD,323
EUG,BOI,351
EUG,DEN,996
EUG,LAX,748
EUG,SFO,451
EUG,SLC,618
MQT,DTW,349
MQT,ORD,303
ACK,BOS,91
ACK,DCA,405
ACK,JFK,199
LCH,DFW,295
LCH,IAH,127
CNY,SLC,184
GST,JNU,41
LBE,FLL,980
LBE,LAS,1954
LBE,MCO,824
LBE,MYR,456
LBE,ORD,459
LBE,RSW,956
LBE,TPA,866
ERI,DTW,164
ERI,ORD,398
SAT,ATL,874
SAT,BNA,822
SAT,BWI,1407
SAT,CLT,1095
SAT,DAL,248
SAT,DEN,794
SAT,DFW,247
SAT,DTW,1214
SAT,ELP,496
SAT,EWR,1569
SAT,HOU,192
SAT,IAD,1362
SAT,IAH,191
SAT,JFK,1587
SAT,LAS,1069
SAT,LAX,1211
SAT,MCO,1041
SAT,MDW,1036
SAT,MIA,1143
SAT,MSP,1097
SAT,MSY,494
SAT,ORD,1041
SAT,PHL,1496
SAT,PHX,843
SAT,SAN,1129
SAT,SEA,1774
SAT,SFO,1482
SAT,SLC,1087
SAT,STL,786
SAT,TPA,972
PSP,DEN,776
PSP,DFW,1126
PSP,IAH,1269
PSP,JFK,2378
PSP,LAX,110
PSP,MSP,1454
PSP,ORD,1651.762803234501
PSP,PDX,873
PSP,PHX,261
PSP,SEA,987
PSP,SFO,421
PSP,SLC,541
TYS,ATL,152
TYS,CLL,801
TYS,DEN,1162
TYS,DFW,771.747463359639
TYS,DTW,443
TYS,EWR,631
TYS,IAD,419
TYS,IAH,771
TYS,LEX,157
TYS,LGA,647
TYS,ORD,475
TYR,DFW,102
TYR,IAH,163
JNU,ANC,571
JNU,GST,41
JNU,KTN,234
JNU,PSG,123
JNU,SEA,909
JNU,SIT,95
JNU,YAK,198.917127071823
TOL,ORD,213
AKN,ANC,288
PBI,ACY,936
PBI,ATL,545
PBI,BDL,1133
PBI,BOS,1197
PBI,BWI,883
PBI,CLT,590
PBI,DCA,857
PBI,DEN,1679
PBI,DFW,1102
PBI,DTW,1086
PBI,EWR,1023
PBI,HPN,1056
PBI,IAD,859
PBI,IAH,956
PBI,ISP,1052
PBI,JFK,1028
PBI,LAX,2330
PBI,LGA,1035
PBI,MDW,1128
PBI,ORD,1144
PBI,PHL,951
PBI,PIT,952
PBI,PVD,1148
PBI,TTN,985
IAG,FLL,1176
IAG,MYR,650
RNO,DEN,804
RNO,DFW,1345
RNO,IAH,1530
RNO,JFK,2411
RNO,LAS,345
RNO,LAX,391
RNO,MDW,1680
RNO,MSP,1405
RNO,ORD,1671
RNO,PHX,601
RNO,SAN,488
RNO,SFO,192
RNO,SLC,422
ECP,ATL,240
ECP,BNA,401
ECP,BWI,798
ECP,DAL,674
ECP,HOU,571
ECP,IAH,572
ECP,STL,634
CSG,ATL,83
AVP,ATL,714
AVP,DTW,399
AVP,EWR,93
AVP,ORD,632
SAV,ATL,214
SAV,BOS,901
SAV,BQK,62
SAV,DFW,925
SAV,DTW,705
SAV,EWR,708
SAV,IAD,515
SAV,IAH,851
SAV,JFK,718
SAV,LGA,722
SAV,ORD,773
PSG,JNU,123
PSG,WRG,31
GTR,ATL,241
MDW,ABQ,1121
MDW,ALB,717
MDW,ATL,591
MDW,AUS,972
MDW,BDL,777
MDW,BHM,570
MDW,BNA,395
MDW,BOI,1448
MDW,BOS,861
MDW,BUF,468
MDW,BWI,611
MDW,CHS,745
MDW,CLE,307
MDW,CLT,584
MDW,CMH,283
MDW,DAL,793
MDW,DCA,601
MDW,DEN,895
MDW,DSM,306
MDW,DTW,228
MDW,EWR,711
MDW,FLL,1166.703099510604
MDW,GEG,1511
MDW,GSP,562
MDW,HOU,937
MDW,IAD,577
MDW,ICT,589
MDW,JAX,849
MDW,LAS,1521
MDW,LAX,1750
MDW,LGA,725
MDW,LIT,544
MDW,MCI,405
MDW,MCO,990
MDW,MEM,480
MDW,MHT,838
MDW,MSP,349
MDW,MSY,825
MDW,OAK,1844
MDW,OKC,691
MDW,OMA,423
MDW,ONT,1706
MDW,ORF,704
MDW,PBI,1128
MDW,PDX,1751
MDW,PHL,668
MDW,PHX,1444
MDW,PIT,402
MDW,PNS,781
MDW,PVD,842
MDW,PWM,895
MDW,RDU,632
MDW,RNO,1680
MDW,ROC,523
MDW,RSW,1105
MDW,SAN,1728
MDW,SAT,1036
MDW,SDF,271
MDW,SEA,1733
MDW,SFO,1855
MDW,SJC,1838
MDW,SLC,1259
MDW,SMF,1790
MDW,SNA,1731
MDW,STL,251
MDW,TPA,997
MDW,TTN,683
MDW,TUL,583
MDW,TUS,1440
LBB,AMA,107
LBB,AUS,341
LBB,DAL,293
LBB,DEN,456
LBB,DFW,282
LBB,HOU,474
LBB,IAH,458
LBB,LAS,775
MLU,ATL,448
MLU,DFW,293
MLU,IAH,262
ITH,DTW,353
ATL,ABE,692
ATL,ABQ,1269
ATL,ABY,145
ATL,ACY,679
ATL,AEX,500
ATL,AGS,143
ATL,ALB,853
ATL,ANC,3417
ATL,ASE,1304
ATL,ATW,765
ATL,AUS,813
ATL,AVL,164
ATL,AVP,714
ATL,AZO,596
ATL,BDL,859
ATL,BHM,134
ATL,BMI,533
ATL,BNA,214
ATL,BOS,946
ATL,BQK,238
ATL,BTR,448
ATL,BTV,961
ATL,BUF,712
ATL,BWI,577
ATL,BZN,1640
ATL,CAE,192
ATL,CAK,528
ATL,CHA,106
ATL,CHO,457
ATL,CHS,259
ATL,CID,694
ATL,CLE,554
ATL,CLT,226
ATL,CMH,447
ATL,COS,1184
ATL,CRW,363
ATL,CSG,83
ATL,CVG,373
ATL,DAB,366
ATL,DAL,721
ATL,DAY,432
ATL,DCA,547
ATL,DEN,1199
ATL,DFW,731
ATL,DHN,170
ATL,DSM,743
ATL,DTW,594
ATL,ECP,240
ATL,EGE,1312
ATL,ELM,717
ATL,ELP,1282
ATL,EVV,350
ATL,EWN,433
ATL,EWR,746
ATL,EYW,646
ATL,FAR,1123
ATL,FAY,331
ATL,FCA,1842
ATL,FLL,581
ATL,FNT,645
ATL,FSD,954
ATL,FSM,579
ATL,FWA,508
ATL,GJT,1391
ATL,GNV,300
ATL,GPT,352
ATL,GRB,774
ATL,GRK,803
ATL,GRR,640
ATL,GSO,306
ATL,GSP,153
ATL,GTR,241
ATL,HDN,1340
ATL,HNL,4502
ATL,HOU,696
ATL,HPN,780
ATL,HSV,151
ATL,IAD,534
ATL,IAH,689
ATL,ICT,782
ATL,ILM,377
ATL,IND,432
ATL,JAC,1572
ATL,JAN,341
ATL,JAX,270
ATL,JFK,760
ATL,LAN,631
ATL,LAS,1747
ATL,LAX,1947
ATL,LEX,304
ATL,LFT,503
ATL,LGA,762
ATL,LIT,453
ATL,LNK,841
ATL,MBS,683
ATL,MCI,692
ATL,MCO,404
ATL,MDT,620
ATL,MDW,591
ATL,MEM,332
ATL,MGM,147
ATL,MHT,952
ATL,MIA,594
ATL,MKE,669
ATL,MLB,442
ATL,MLI,633
ATL,MLU,448
ATL,MOB,302
ATL,MSN,707
ATL,MSO,1800
ATL,MSP,907
ATL,MSY,425
ATL,MTJ,1352
ATL,MYR,317
ATL,OAJ,399
ATL,OAK,2130
ATL,OKC,761
ATL,OMA,821
ATL,ONT,1900
ATL,ORD,606
ATL,ORF,516
ATL,PBI,545
ATL,PDX,2172
ATL,PHF,508
ATL,PHL,666
ATL,PHX,1587
ATL,PIA,565
ATL,PIT,526
ATL,PNS,271
ATL,PVD,903
ATL,PWM,1027
ATL,RAP,1230
ATL,RDU,356
ATL,RIC,481
ATL,ROA,357
ATL,ROC,749
ATL,RST,831
ATL,RSW,515
ATL,SAN,1892
ATL,SAT,874
ATL,SAV,214
ATL,SBN,566
ATL,SCE,615
ATL,SDF,321
ATL,SEA,2182
ATL,SFO,2139
ATL,SGF,563
ATL,SHV,551
ATL,SJC,2116
ATL,SJU,1547
ATL,SLC,1590
ATL,SMF,2092
ATL,SNA,1919
ATL,SRQ,444
ATL,STL,484
ATL,STT,1599
ATL,STX,1638
ATL,SYR,794
ATL,TLH,223
ATL,TPA,406
ATL,TRI,227
ATL,TTN,701
ATL,TUL,674
ATL,TUS,1541
ATL,TVC,769
ATL,TYS,152
ATL,VLD,208
ATL,VPS,250
ATL,XNA,589
HYA,JFK,196
SGF,ATL,563
SGF,CLT,708
SGF,DEN,637
SGF,DFW,364
SGF,HYS,339
SGF,ORD,438
BOS,ACK,91
BOS,ACY,274
BOS,ATL,946
BOS,AUS,1698
BOS,BNA,942
BOS,BUF,395
BOS,BWI,369
BOS,CAK,549
BOS,CHS,818
BOS,CLE,563
BOS,CLT,728
BOS,CMH,640
BOS,CVG,752
BOS,DAL,1554
BOS,DCA,399
BOS,DEN,1754
BOS,DFW,1562
BOS,DTW,632
BOS,EWR,200
BOS,FLL,1237
BOS,HOU,1609
BOS,IAD,413
BOS,IAH,1597
BOS,IND,818
BOS,JAX,1010
BOS,JFK,187
BOS,LAS,2381
BOS,LAX,2611
BOS,LGA,184
BOS,LGB,2602
BOS,MCI,1256
BOS,MCO,1121
BOS,MDW,861
BOS,MIA,1258
BOS,MKE,860
BOS,MSN,932
BOS,MSP,1124
BOS,MSY,1368
BOS,MVY,70
BOS,MYR,738
BOS,OAK,2694
BOS,ORD,867
BOS,PBI,1197
BOS,PDX,2537
BOS,PHL,280
BOS,PHX,2300
BOS,PIT,496
BOS,RDU,612
BOS,RIC,474
BOS,RSW,1249
BOS,SAN,2588
BOS,SAV,901
BOS,SEA,2496
BOS,SFO,2704
BOS,SJC,2689
BOS,SJU,1674
BOS,SLC,2105
BOS,SMF,2636
BOS,SRQ,1220
BOS,STL,1047
BOS,STT,1693
BOS,TPA,1185
HSV,ATL,151
HSV,DCA,613
HSV,DEN,1048
HSV,DFW,603
HSV,DTW,554
HSV,IAD,596
HSV,IAH,595
HSV,ORD,510
DTW,ABE,425
DTW,ACY,497
DTW,ALB,489
DTW,APN,198
DTW,ATL,594
DTW,ATW,296
DTW,AUS,1149
DTW,AVP,399
DTW,AZO,113
DTW,BDL,549
DTW,BGM,378
DTW,BGR,750
DTW,BHM,625
DTW,BMI,313
DTW,BNA,456
DTW,BOS,632
DTW,BTV,537
DTW,BUF,241
DTW,BWI,409
DTW,CAK,133
DTW,CHA,505
DTW,CHS,667
DTW,CID,430
DTW,CIU,284
DTW,CLE,95
DTW,CLT,500
DTW,CMH,155
DTW,CRW,281
DTW,CVG,229
DTW,DAL,981
DTW,DAY,166
DTW,DCA,405
DTW,DEN,1123
DTW,DFW,986
DTW,DSM,533.815315315315
DTW,ELM,332
DTW,ERI,164
DTW,ESC,306
DTW,EVV,363
DTW,EWR,488
DTW,FLL,1127
DTW,FWA,128
DTW,GRB,287
DTW,GRR,120
DTW,GSO,460
DTW,GSP,508
DTW,HPN,505
DTW,HSV,554
DTW,IAD,383
DTW,IAH,1075
DTW,IND,231
DTW,ITH,353
DTW,JAX,813
DTW,JFK,509
DTW,LAN,74
DTW,LAS,1749
DTW,LAX,1979
DTW,LEX,296
DTW,LGA,502
DTW,LIT,705
DTW,MBS,98
DTW,MCI,629
DTW,MCO,957
DTW,MDT,371
DTW,MDW,228
DTW,MEM,610
DTW,MHT,610
DTW,MIA,1145
DTW,MKE,237
DTW,MLI,373
DTW,MQT,349
DTW,MSN,311
DTW,MSP,528
DTW,MSY,926
DTW,MYR,636
DTW,OKC,900
DTW,OMA,651
DTW,ORD,235
DTW,ORF,529
DTW,PBI,1086
DTW,PDX,1953
DTW,PHL,453
DTW,PHX,1671
DTW,PIA,346
DTW,PIT,201
DTW,PLN,243
DTW,PVD,615
DTW,PWM,668
DTW,RDU,501
DTW,RIC,456
DTW,ROC,296
DTW,RST,477
DTW,RSW,1084
DTW,SAN,1956
DTW,SAT,1214
DTW,SAV,705
DTW,SBN,157
DTW,SCE,301
DTW,SDF,306
DTW,SEA,1927
DTW,SFO,2079
DTW,SJU,1930
DTW,SLC,1481
DTW,SRQ,1022
DTW,STL,440
DTW,SWF,479
DTW,SYR,374
DTW,TPA,983
DTW,TTN,464
DTW,TUL,789
DTW,TVC,207
DTW,TYS,443
FLG,PHX,119
BZN,ATL,1640
BZN,DEN,524
BZN,EWR,1882
BZN,IAH,1385
BZN,LAX,902
BZN,LGA,1894
BZN,MSP,874
BZN,ORD,1186
BZN,PDX,554
BZN,SEA,543
BZN,SFO,807
BZN,SLC,347
MEM,ATL,332
MEM,AUS,559
MEM,BWI,787
MEM,CLT,511
MEM,CVG,403
MEM,DAL,423
MEM,DEN,872
MEM,DFW,431.216244725738
MEM,DTW,610
MEM,EWR,946
MEM,HOU,484
MEM,IAD,742
MEM,IAH,468
MEM,LAS,1416
MEM,LAX,1619
MEM,LGA,963
MEM,MCO,684
MEM,MDW,480
MEM,MIA,859
MEM,MSP,700
MEM,ORD,491
MEM,SLC,1262
MEM,TPA,655
MIA,ATL,594
MIA,AUS,1103
MIA,BDL,1194
MIA,BHM,661
MIA,BNA,806
MIA,BOS,1258
MIA,BWI,946
MIA,CHS,489
MIA,CLE,1080
MIA,CLT,650
MIA,CMH,990
MIA,CVG,948
MIA,DCA,919
MIA,DEN,1709
MIA,DFW,1121
MIA,DTW,1145
MIA,EGE,1810
MIA,EWR,1085
MIA,EYW,125
MIA,GNV,294
MIA,GSO,710
MIA,GSP,637
MIA,IAD,921
MIA,IAH,964
MIA,JAX,335
MIA,JFK,1089
MIA,LAS,2174
MIA,LAX,2342
MIA,LGA,1096
MIA,MCI,1251
MIA,MCO,192
MIA,MEM,859
MIA,MSP,1501
MIA,MSY,675
MIA,OKC,1222
MIA,ORD,1197
MIA,ORF,802
MIA,PBI,62
MIA,PHL,1013
MIA,PHX,1972
MIA,PNS,530
MIA,RDU,700
MIA,RIC,825
MIA,SAN,2267
MIA,SAT,1143
MIA,SEA,2724
MIA,SFO,2585
MIA,SJU,1045
MIA,SLC,2088
MIA,STL,1068
MIA,STT,1107
MIA,STX,1139
MIA,TLH,402
MIA,TPA,204
MIA,TUL,1168
SJU,ATL,1547
SJU,BDL,1666
SJU,BOS,1674
SJU,BWI,1565
SJU,CLE,1839
SJU,CLT,1475
SJU,DCA,1554
SJU,DFW,2165
SJU,DTW,1930
SJU,EWR,1608
SJU,FLL,1046
SJU,HOU,1997
SJU,IAD,1571
SJU,IAH,2007
SJU,JFK,1598
SJU,MCO,1189
SJU,MIA,1045
SJU,MSP,2404
SJU,ORD,2072
SJU,PHL,1576
SJU,STT,68
SJU,STX,94
SJU,TPA,1237
LAN,ATL,631
LAN,DTW,74
LAN,MSP,455
LAN,ORD,179
GJT,ASE,89
GJT,DEN,212
GJT,DFW,773
GJT,IAH,979
GJT,PHX,438
GJT,SLC,216
HRL,AUS,273
HRL,HOU,277
HRL,IAH,295
EVV,ATL,350
EVV,DFW,642
EVV,DTW,363
EVV,ORD,272.173800928314
RDD,SFO,199
COD,DEN,391
COD,ORD,1077
COD,SLC,298
COU,DFW,489
COU,ORD,315
MHT,ATL,952
MHT,BWI,377
MHT,DTW,610
MHT,EWR,209
MHT,FLL,1262
MHT,LAS,2356
MHT,LGA,195
MHT,MCO,1142
MHT,MDW,838
MHT,ORD,843
MHT,PHX,2280
MHT,TPA,1204
INL,BRD,153
INL,HIB,86
INL,MSP,255
GRB,ATL,774
GRB,DTW,287
GRB,MSP,252
GRB,ORD,173
SNA,ATL,1919
SNA,AUS,1209
SNA,DAL,1216
SNA,DEN,846
SNA,DFW,1205
SNA,EWR,2434
SNA,HOU,1357
SNA,IAH,1346
SNA,LAS,226
SNA,MCI,1342
SNA,MDW,1731
SNA,MSP,1522
SNA,OAK,371
SNA,ORD,1726
SNA,PDX,859
SNA,PHX,338
SNA,SEA,978
SNA,SFO,372
SNA,SJC,342
SNA,SLC,588
SNA,SMF,404
SNA,STL,1569
PSE,JFK,1617
PSE,MCO,1179
OMA,ATL,821
OMA,DAL,585
OMA,DCA,1012
OMA,DEN,472
OMA,DFW,583
OMA,DTW,651
OMA,EWR,1134
OMA,IAH,781
OMA,LAS,1099
OMA,LAX,1330
OMA,LGA,1148
OMA,MCO,1211
OMA,MDW,423
OMA,MSP,282
OMA,ORD,416
OMA,PDX,1369
OMA,PHX,1037
OMA,SEA,1368
OMA,SFO,1433
OMA,SLC,840
OMA,STL,342
IMT,MSP,257
IMT,RHI,67
ORH,FLL,1211
ORH,MCO,1091
PPG,HNL,2599
KOA,ANC,2874
KOA,DEN,3329
KOA,HNL,163
KOA,LAX,2504
KOA,OAK,2378
KOA,OGG,84
KOA,PDX,2607
KOA,PHX,2860
KOA,SAN,2556
KOA,SEA,2688
KOA,SFO,2367
KOA,SJC,2384
BFL,DEN,845
BFL,IAH,1428
BFL,PHX,425
BFL,SFO,238
RKS,DEN,260
RKS,GCC,261
RKS,SLC,162
GTF,DEN,624
GTF,MSP,887
GTF,SLC,463
ESC,DTW,306
SCC,ANC,627
SCC,BRW,204
ALB,ATL,853
ALB,BWI,289
ALB,CLT,646
ALB,DEN,1610
ALB,DTW,489
ALB,EWR,143
ALB,FLL,1204
ALB,IAD,325
ALB,LAS,2237
ALB,MCO,1073
ALB,MDW,717
ALB,MSP,980
ALB,ORD,723
ALB,RSW,1205
ALB,TPA,1130
ACT,DFW,89
CRW,ATL,363
CRW,DFW,946
CRW,DTW,281
CRW,IAH,975
CRW,MYR,356
CRW,ORD,416
MFR,DEN,964
MFR,SFO,329
MFR,SLC,575
PAH,ORD,342
ISP,BWI,220
ISP,FLL,1092
ISP,MCO,971
ISP,PBI,1052
ISP,RSW,1101
ISP,TPA,1034
BRO,DFW,482
BRO,IAH,308
MTJ,ATL,1352
MTJ,DEN,196
MTJ,DFW,722
MTJ,EWR,1795
MTJ,IAH,927
MTJ,LAX,666
MTJ,LGA,1810
MTJ,ORD,1081
MTJ,PHX,419
MTJ,SFO,791
ILM,ATL,377
ILM,CLT,185
ILM,LGA,500
OGG,ANC,2797
OGG,BLI,2681
OGG,DEN,3302
OGG,DFW,3711
OGG,HNL,100
OGG,ITO,121
OGG,KOA,84
OGG,LAX,2486
OGG,LIH,201
OGG,OAK,2349
OGG,ORD,4184
OGG,PDX,2562
OGG,PHX,2845
OGG,SAN,2541
OGG,SEA,2640
OGG,SFO,2338
OGG,SJC,2355
OGG,SMF,2404
DLH,MSP,144
DLH,ORD,397
ELP,ATL,1282
ELP,AUS,528
ELP,DAL,562
ELP,DEN,563
ELP,DFW,551
ELP,HOU,677
ELP,IAH,667
ELP,LAS,583
ELP,LAX,715
ELP,ORD,1236
ELP,PHX,347
ELP,SAT,496
BJI,MSP,199
HYS,DEN,298
MSY,ATL,425
MSY,AUS,444
MSY,BNA,471
MSY,BOS,1368
MSY,BWI,998
MSY,CLT,651
MSY,CMH,806
MSY,DAL,436
MSY,DCA,969
MSY,DEN,1062
MSY,DFW,447
MSY,DTW,926
MSY,EWR,1167
MSY,FLL,674
MSY,HOU,302
MSY,IAD,955
MSY,IAH,305
MSY,JFK,1182
MSY,LAS,1500
MSY,LAX,1670
MSY,LGA,1183
MSY,MCI,689
MSY,MCO,551
MSY,MDW,825
MSY,MIA,675
MSY,MKE,903
MSY,MSP,1039
MSY,OAK,1903
MSY,ORD,837
MSY,PHL,1089
MSY,PHX,1300
MSY,SAN,1599
MSY,SAT,494
MSY,SEA,2086
MSY,SFO,1911
MSY,SLC,1428
MSY,STL,604
MSY,TPA,488
GUM,HNL,3801
JAN,ATL,341
JAN,DFW,408
JAN,IAH,351
JAN,ORD,677
JAN,PIA,576
CWA,ATW,67
CWA,MSP,175
CWA,ORD,212.266406757635
VLD,ATL,208
GCC,DEN,313
GCC,RAP,125
GCC,RKS,261
GCC,SLC,410
JAC,ATL,1572
JAC,DEN,406
JAC,DFW,1047
JAC,EWR,1874
JAC,IAD,1750
JAC,IAH,1265
JAC,JFK,1894
JAC,LAX,784
JAC,MSP,872
JAC,ORD,1162
JAC,SEA,621
JAC,SFO,737
JAC,SLC,205
BWI,ABQ,1670
BWI,ALB,289
BWI,ATL,577
BWI,AUS,1342
BWI,BDL,283
BWI,BHM,682
BWI,BNA,587
BWI,BOS,369
BWI,BUF,281
BWI,CHS,472
BWI,CLE,314
BWI,CLT,361
BWI,CMH,337
BWI,CVG,430
BWI,DAL,1209
BWI,DAY,406
BWI,DEN,1491
BWI,DFW,1217
BWI,DTW,409
BWI,ECP,798
BWI,EWR,169
BWI,FLL,925
BWI,FNT,452
BWI,GRR,528
BWI,GSP,426
BWI,HOU,1246
BWI,IAH,1235
BWI,IND,516
BWI,ISP,220
BWI,JAX,663
BWI,JFK,184
BWI,LAS,2106
BWI,LAX,2329
BWI,LIT,912
BWI,MCI,967
BWI,MCO,787
BWI,MDW,611
BWI,MEM,787
BWI,MHT,377
BWI,MIA,946
BWI,MKE,641
BWI,MSP,936
BWI,MSY,998
BWI,MYR,399
BWI,OAK,2447
BWI,OKC,1180
BWI,ORD,622
BWI,ORF,159
BWI,PBI,883
BWI,PDX,2358
BWI,PHL,90
BWI,PHX,1999
BWI,PIT,210
BWI,PVD,327
BWI,PWM,452
BWI,RDU,255
BWI,ROC,277
BWI,RSW,919
BWI,SAN,2295
BWI,SAT,1407
BWI,SDF,495
BWI,SEA,2335
BWI,SFO,2457
BWI,SJU,1565
BWI,SLC,1865
BWI,STL,738
BWI,TPA,842
ILG,MCO,841
ILG,TPA,899
PIT,ATL,526
PIT,BNA,462
PIT,BOS,496
PIT,BWI,210
PIT,CLT,366
PIT,CVG,256
PIT,DAL,1060
PIT,DCA,204
PIT,DEN,1290
PIT,DFW,1067
PIT,DTW,201
PIT,EWR,319
PIT,FLL,994
PIT,HOU,1131
PIT,IAD,182
PIT,IAH,1117
PIT,JFK,340
PIT,LAS,1910
PIT,LAX,2136
PIT,LGA,335
PIT,MCO,834
PIT,MDW,402
PIT,MSP,726
PIT,ORD,413
PIT,PBI,952
PIT,PHL,268
PIT,PHX,1814
PIT,RSW,966
PIT,SFO,2254
PIT,TPA,873
CLD,LAX,86
ROC,ATL,749
ROC,BWI,277
ROC,CLT,573
ROC,DTW,296
ROC,EWR,246
ROC,IAD,288
ROC,JFK,264
ROC,LGA,254
ROC,MCO,1033
ROC,MDW,523
ROC,MSP,783
ROC,ORD,528
ROC,TPA,1079
GNV,ATL,300
GNV,MIA,294
ANC,ADK,1192
ANC,ADQ,253
ANC,AKN,288
ANC,ATL,3417
ANC,BET,399
ANC,BRW,725
ANC,CDV,160
ANC,DEN,2405
ANC,DFW,3043
ANC,DLG,329
ANC,EWR,3370
ANC,FAI,261
ANC,HNL,2777
ANC,IAH,3266
ANC,JNU,571
ANC,KOA,2874
ANC,LAS,2304
ANC,LAX,2345
ANC,LGB,2360
ANC,MSP,2519
ANC,OGG,2797
ANC,OME,539
ANC,ORD,2846
ANC,OTZ,548
ANC,PDX,1542
ANC,PHX,2552
ANC,SCC,627
ANC,SEA,1448
ANC,SFO,2018
ANC,SLC,2125
CMI,DFW,692.247933884297
CMI,ORD,135
PIH,SLC,150
PHL,ATL,666
PHL,AUS,1430
PHL,BDL,196
PHL,BNA,675
PHL,BOS,280
PHL,BWI,90
PHL,CHS,550
PHL,CLE,363
PHL,CLT,449
PHL,DAL,1295
PHL,DCA,119
PHL,DEN,1558
PHL,DFW,1303
PHL,DTW,453
PHL,FLL,992
PHL,IAH,1325
PHL,IND,588
PHL,JAX,742
PHL,LAS,2176
PHL,LAX,2402
PHL,LGA,96
PHL,MCO,861
PHL,MDW,668
PHL,MIA,1013
PHL,MSP,980
PHL,MSY,1089
PHL,MYR,473
PHL,ORD,678
PHL,PBI,951
PHL,PDX,2406
PHL,PHX,2075
PHL,PIT,268
PHL,PVD,237
PHL,RDU,337
PHL,RIC,198
PHL,RSW,993
PHL,SAN,2370
PHL,SAT,1496
PHL,SEA,2378
PHL,SFO,2521
PHL,SJU,1576
PHL,SLC,1927
PHL,SMF,2458
PHL,STL,814
PHL,STT,1605
PHL,TPA,920
CID,ATL,694
CID,DEN,692
CID,DFW,685
CID,DTW,430
CID,LAX,1550
CID,MSP,220
CID,ORD,196
LRD,DFW,396
LRD,HRL,144
LRD,IAH,301
MLI,ATL,633
MLI,DEN,752
MLI,DFW,691
MLI,DTW,373
MLI,MSP,274
MLI,ORD,139
WRG,KTN,82
WRG,PSG,31
CIU,DTW,284
TLH,ATL,223
TLH,DFW,767
TLH,MIA,402
LAX,ABQ,677
LAX,ANC,2345
LAX,ASE,737
LAX,ATL,1947
LAX,AUS,1242
LAX,BNA,1797
LAX,BOI,674
LAX,BOS,2611
LAX,BWI,2329
LAX,BZN,902
LAX,CLD,86
LAX,CLE,2052
LAX,CLT,2125
LAX,CMH,1995
LAX,COS,833
LAX,CVG,1900
LAX,DAL,1246
LAX,DCA,2311
LAX,DEN,862
LAX,DFW,1235
LAX,DTW,1979
LAX,EGE,748
LAX,ELP,715
LAX,EUG,748
LAX,EWR,2454
LAX,FAT,209
LAX,FLL,2342.744994731296
LAX,GEG,945
LAX,HDN,763
LAX,HNL,2556
LAX,HOU,1390
LAX,IAD,2288
LAX,IAH,1379
LAX,ICT,1203
LAX,IND,1814
LAX,ITO,2449
LAX,JAC,784
LAX,JFK,2475
LAX,KOA,2504
LAX,LAS,236
LAX,LIH,2615
LAX,MCI,1363
LAX,MCO,2218
LAX,MDW,1750
LAX,MEM,1619
LAX,MIA,2342
LAX,MKE,1756
LAX,MRY,266
LAX,MSN,1687
LAX,MSP,1535
LAX,MSY,1670
LAX,MTJ,666
LAX,OAK,337
LAX,OGG,2486
LAX,OKC,1187
LAX,OMA,1330
LAX,ORD,1744
LAX,PBI,2330
LAX,PDX,834
LAX,PHL,2402
LAX,PHX,370
LAX,PIT,2136
LAX,PSP,110
LAX,RDM,726
LAX,RDU,2239
LAX,RNO,391
LAX,SAF,710
LAX,SAN,109
LAX,SAT,1211
LAX,SBA,89
LAX,SBP,156
LAX,SEA,954
LAX,SFO,337
LAX,SJC,308
LAX,SLC,590
LAX,SMF,373
LAX,SMX,134
LAX,SNA,36
LAX,STL,1592
LAX,TPA,2158
LAX,TUS,451
AMA,DAL,323
AMA,DEN,359
AMA,DFW,312
AMA,IAH,517
AMA,LAS,758
DIK,DEN,488
DIK,MSP,481
BPT,DFW,270
CMH,ATL,447
CMH,BNA,337
CMH,BOS,640
CMH,BWI,337
CMH,CLT,347
CMH,DAL,919
CMH,DCA,323
CMH,DEN,1154
CMH,DFW,926
CMH,DTW,155
CMH,EWR,463
CMH,FLL,973
CMH,IAD,299
CMH,IAH,986
CMH,JFK,483
CMH,LAS,1771
CMH,LAX,1995
CMH,LGA,479
CMH,MCO,802
CMH,MDW,283
CMH,MIA,990
CMH,MSP,626
CMH,OAK,2110
CMH,ORD,296
CMH,PHX,1670
CMH,RSW,930
CMH,STL,409
CMH,TPA,829
LAS,ABQ,486
LAS,ALB,2237
LAS,AMA,758
LAS,ANC,2304
LAS,ATL,1747
LAS,AUS,1090
LAS,BDL,2297
LAS,BHM,1618
LAS,BLI,954
LAS,BNA,1587
LAS,BOI,519
LAS,BOS,2381
LAS,BUF,1986
LAS,BUR,223
LAS,BWI,2106
LAS,CAK,1846
LAS,CLE,1824
LAS,CLT,1916
LAS,CMH,1771
LAS,CVG,1678
LAS,DAL,1067
LAS,DCA,2089
LAS,DEN,628
LAS,DFW,1055
LAS,DSM,1216
LAS,DTW,1749
LAS,ELP,583
LAS,EWR,2227
LAS,FLL,2173
LAS,FNT,1733
LAS,GEG,806
LAS,HNL,2762
LAS,HOU,1235
LAS,IAD,2065
LAS,IAH,1222
LAS,ICT,986
LAS,IND,1590
LAS,JAX,1965
LAS,JFK,2248
LAS,LAX,236
LAS,LBB,775
LAS,LBE,1954
LAS,LGB,231
LAS,LIT,1294
LAS,MAF,795
LAS,MCI,1139
LAS,MCO,2039
LAS,MDW,1521
LAS,MEM,1416
LAS,MHT,2356
LAS,MIA,2174
LAS,MKE,1524
LAS,MSP,1299
LAS,MSY,1500
LAS,OAK,407
LAS,OKC,986
LAS,OMA,1099
LAS,ONT,197
LAS,ORD,1514
LAS,PDX,763
LAS,PHL,2176
LAS,PHX,255
LAS,PIT,1910
LAS,RDU,2026
LAS,RNO,345
LAS,SAN,258
LAS,SAT,1069
LAS,SDF,1624
LAS,SEA,867
LAS,SFO,414
LAS,SJC,386
LAS,SLC,368
LAS,SMF,397
LAS,SNA,226
LAS,STL,1371
LAS,TPA,1984
LAS,TUL,1076
LAS,TUS,365
LSE,MSP,119
LSE,ORD,215
MOT,DEN,604
MOT,MSP,449
CDV,ANC,160
CDV,YAK,213
BUF,ATL,712
BUF,BOS,395
BUF,BWI,281
BUF,CLT,546
BUF,DTW,241
BUF,EWR,282
BUF,FLL,1165.611821086262
BUF,IAD,283
BUF,JFK,301
BUF,LAS,1986
BUF,LGA,292
BUF,MCO,1011
BUF,MDW,468
BUF,MSP,735
BUF,ORD,473.300531914894
BUF,PHX,1912
BUF,RSW,1144
BUF,TPA,1053
BRD,INL,153
BRD,MSP,114
HPN,ATL,780
HPN,DCA,234
HPN,DTW,505
HPN,FLL,1097
HPN,MCO,972
HPN,ORD,738
HPN,PBI,1056
HPN,RSW,1102
HPN,TPA,1032
GFK,MSP,284
TRI,ATL,227
BUR,DEN,850
BUR,JFK,2465
BUR,LAS,223
BUR,OAK,325
BUR,PDX,817
BUR,PHX,369
BUR,SEA,937
BUR,SFO,326
BUR,SJC,296
BUR,SLC,574
BUR,SMF,358
MYR,ACY,466
MYR,ATL,317
MYR,BOS,738
MYR,BWI,399
MYR,CLE,557
MYR,CLT,157
MYR,CRW,356
MYR,DFW,1048
MYR,DTW,636
MYR,EWR,550
MYR,FLL,529
MYR,IAG,650
MYR,LBE,456
MYR,LGA,563
MYR,ORD,753
MYR,PBG,811
MYR,PHL,473
VPS,ATL,250
VPS,DFW,641
VPS,IAH,528
PVD,ATL,903
PVD,BWI,327
PVD,CLT,683
PVD,DCA,356
PVD,DTW,615
PVD,EWR,160
PVD,FLL,1188
PVD,IAD,372
PVD,MCO,1072
PVD,MDW,842
PVD,ORD,849
PVD,PBI,1148
PVD,PHL,237
PVD,RSW,1200
PVD,TPA,1136
TUL,ATL,674
TUL,AUS,426
TUL,DAL,237
TUL,DEN,541
TUL,DFW,237
TUL,DTW,789
TUL,EWR,1215
TUL,HOU,453
TUL,IAD,1027
TUL,IAH,429
TUL,LAS,1076
TUL,MDW,583
TUL,MIA,1168
TUL,MSP,615
TUL,ORD,585
TUL,PHX,935
TUL,SLC,926
TUL,STL,351
PHX,ABQ,328
PHX,ANC,2552
PHX,ATL,1587
PHX,AUS,872
PHX,BFL,425
PHX,BNA,1449
PHX,BOI,735
PHX,BOS,2300
PHX,BUF,1912
PHX,BUR,369
PHX,BWI,1999
PHX,CLE,1737
PHX,CLT,1773
PHX,CMH,1670
PHX,CVG,1569
PHX,DAL,879
PHX,DCA,1979
PHX,DEN,602
PHX,DFW,868
PHX,DRO,351.83751651255
PHX,DSM,1149.211320754717
PHX,DTW,1671
PHX,ELP,347
PHX,EWR,2133
PHX,FAT,493
PHX,FLG,119
PHX,FLL,1972
PHX,GEG,1020
PHX,GJT,438
PHX,HNL,2917
PHX,HOU,1020
PHX,IAD,1956
PHX,IAH,1009
PHX,IND,1488
PHX,JFK,2153
PHX,KOA,2860
PHX,LAS,255
PHX,LAX,370
PHX,LGB,355
PHX,LIH,2979
PHX,LIT,1136
PHX,MCI,1044
PHX,MCO,1849
PHX,MDW,1444
PHX,MHT,2280
PHX,MIA,1972
PHX,MKE,1460
PHX,MRY,598
PHX,MSP,1276
PHX,MSY,1300
PHX,MTJ,419
PHX,OAK,646
PHX,OGG,2845
PHX,OKC,833
PHX,OMA,1037
PHX,ONT,325
PHX,ORD,1440
PHX,PDX,1009
PHX,PHL,2075
PHX,PIT,1814
PHX,PSP,261
PHX,RDU,1891
PHX,RNO,601
PHX,SAN,304
PHX,SAT,843
PHX,SBA,455
PHX,SBP,509
PHX,SDF,1506
PHX,SEA,1107
PHX,SFO,651
PHX,SJC,621
PHX,SLC,507
PHX,SMF,647
PHX,SNA,338
PHX,STL,1262
PHX,TPA,1788
PHX,TUL,935
PHX,TUS,110
PHX,YUM,160
ATW,ATL,765
ATW,DTW,296
ATW,MSP,236
ATW,ORD,160
MSN,ATL,707
MSN,BOS,932
MSN,CID,149
MSN,CVG,373
MSN,CWA,114
MSN,DEN,826
MSN,DFW,821
MSN,DTW,311
MSN,EWR,799
MSN,IAH,966
MSN,LAX,1687
MSN,LGA,812
MSN,MCO,1109
MSN,MSP,228
MSN,ORD,108
MSN,SAN,1672
MSN,SFO,1772
MSN,SLC,1174
DCA,ACK,405
DCA,ATL,547
DCA,AUS,1315
DCA,BDL,313
DCA,BNA,562
DCA,BOS,399
DCA,BTR,985
DCA,CAK,274
DCA,CHS,444
DCA,CLE,310
DCA,CLT,331
DCA,CMH,323
DCA,CVG,411
DCA,DAL,1184
DCA,DEN,1476
DCA,DFW,1192
DCA,DTW,405
DCA,EWR,199
DCA,FLL,899
DCA,GSP,396
DCA,HOU,1218
DCA,HPN,234
DCA,HSV,613
DCA,IAH,1208
DCA,IND,500
DCA,JAX,634
DCA,JFK,213
DCA,LAS,2089
DCA,LAX,2311
DCA,LEX,414
DCA,LGA,214
DCA,MCI,949
DCA,MCO,759
DCA,MDW,601
DCA,MIA,919
DCA,MKE,634
DCA,MSP,931
DCA,MSY,969
DCA,ORD,612
DCA,PBI,857
DCA,PDX,2350
DCA,PHL,119
DCA,PHX,1979
DCA,PIT,204
DCA,PNS,816
DCA,PVD,356
DCA,PWM,482
DCA,RDU,227
DCA,RSW,892
DCA,SDF,474
DCA,SEA,2329
DCA,SFO,2442
DCA,SJU,1554
DCA,SLC,1851
DCA,STL,719
DCA,SYR,298
DCA,TPA,814
CHS,ABE,592
CHS,ATL,259
CHS,BNA,439
CHS,BOS,818
CHS,BWI,472
CHS,CLE,595
CHS,CLT,168
CHS,DAL,977
CHS,DCA,444
CHS,DFW,987
CHS,DTW,667
CHS,EWR,628
CHS,FLL,470
CHS,HOU,928
CHS,IAD,441
CHS,IAH,925
CHS,JFK,636
CHS,LGA,641
CHS,MDW,745
CHS,MIA,489
CHS,OKC,1020
CHS,ORD,760
CHS,PHL,550
CHS,SEA,2415
BOI,DEN,649
BOI,EUG,351
BOI,GEG,287
BOI,IAH,1482
BOI,LAS,519
BOI,LAX,674
BOI,MDW,1448
BOI,MSP,1142
BOI,OAK,511.75173370319
BOI,ORD,1437
BOI,PDX,344
BOI,PHX,735
BOI,SAN,749
BOI,SEA,399
BOI,SFO,522
BOI,SLC,290
PIB,DFW,462
PIB,MEI,69
IDA,DEN,458
IDA,MSP,939
IDA,SLC,188
GEG,BOI,287
GEG,DEN,836
GEG,LAS,806
GEG,LAX,945
GEG,MDW,1511
GEG,MSP,1175
GEG,OAK,723
GEG,PHX,1020
GEG,SEA,224
GEG,SLC,546
ROA,ATL,357
ROA,IAD,177
ROA,ORD,531
CHO,ATL,457
CHO,LGA,305
CHO,ORD,566.716216216216
CLL,DFW,164
CLL,IAH,74
TUS,ATL,1541
TUS,DEN,639
TUS,DFW,813
TUS,HOU,945
TUS,IAH,936
TUS,LAS,365
TUS,LAX,451
TUS,MDW,1440
TUS,MSP,1298
TUS,ORD,1437
TUS,PDX,1119
TUS,PHX,110
TUS,SAN,368
TUS,SEA,1216
TUS,SFO,751
TUS,SLC,601
TTN,ATL,701
TTN,BNA,706
TTN,CLT,484
TTN,CVG,532
TTN,DTW,464
TTN,FLL,1026
TTN,IND,610
TTN,MCO,896
TTN,MDW,683
TTN,MKE,701
TTN,MSP,989
TTN,ORD,693
TTN,PBI,985
TTN,RDU,373
TTN,RSW,1028
TTN,STL,837
TTN,TPA,955
TTN,UST,801
PLN,CIU,49
PLN,DTW,243
MMH,DEN,780
MMH,SFO,193
BET,ANC,399
AVL,ATL,164
AVL,EWR,583
AVL,ORD,536
RHI,IMT,67
RHI,MSP,190
OTH,DEN,1040
OTH,SFO,412
ABQ,ATL,1269
ABQ,BWI,1670
ABQ,CLT,1449
ABQ,DAL,580
ABQ,DEN,349
ABQ,DFW,569
ABQ,HOU,759
ABQ,IAH,744
ABQ,JFK,1826
ABQ,LAS,486
ABQ,LAX,677
ABQ,MCI,718
ABQ,MCO,1553
ABQ,MDW,1121
ABQ,MSP,981
ABQ,OAK,889
ABQ,ORD,1118
ABQ,PDX,1111
ABQ,PHX,328
ABQ,SAN,628
ABQ,SEA,1180
ABQ,SFO,896
ABQ,SLC,493
KTN,JNU,234
KTN,SEA,680
KTN,SIT,183
KTN,WRG,82
LFT,ATL,503
LFT,BHM,385
LFT,DEN,978
LFT,DFW,351
LFT,IAH,201
SBP,LAX,156
SBP,PHX,509
SBP,SFO,190
ELM,ATL,717
ELM,DTW,332
ELM,ORD,566
SEA,ABQ,1180
SEA,ANC,1448
SEA,ATL,2182
SEA,AUS,1770
SEA,BIL,664
SEA,BLI,93
SEA,BNA,1978
SEA,BOI,399
SEA,BOS,2496
SEA,BUR,937
SEA,BWI,2335
SEA,BZN,543
SEA,CHS,2415
SEA,CLE,2021
SEA,CLT,2279
SEA,COS,1068
SEA,CVG,1965
SEA,DAL,1670
SEA,DCA,2329
SEA,DEN,1024
SEA,DFW,1660
SEA,DTW,1927
SEA,EWR,2402
SEA,FAI,1533
SEA,FAT,748
SEA,FLL,2717
SEA,GEG,224
SEA,HDN,891
SEA,HNL,2677
SEA,HOU,1894
SEA,IAD,2306
SEA,IAH,1874
SEA,JAC,621
SEA,JFK,2422
SEA,JNU,909
SEA,KOA,2688
SEA,KTN,680
SEA,LAS,867
SEA,LAX,954
SEA,LGB,965
SEA,LIH,2701
SEA,MCI,1489
SEA,MCO,2554
SEA,MDW,1733
SEA,MIA,2724
SEA,MKE,1694
SEA,MSO,389
SEA,MSP,1399
SEA,MSY,2086
SEA,OAK,671.778775968557
SEA,OGG,2640
SEA,OKC,1519
SEA,OMA,1368
SEA,ONT,956
SEA,ORD,1721
SEA,PDX,129
SEA,PHL,2378
SEA,PHX,1107
SEA,PSC,172
SEA,PSP,987
SEA,RDU,2354
SEA,SAN,1050
SEA,SAT,1774
SEA,SBA,908
SEA,SFO,679
SEA,SIT,861
SEA,SJC,697
SEA,SLC,689
SEA,SMF,605
SEA,SNA,978
SEA,STL,1709
SEA,TPA,2520
SEA,TUS,1216
ACV,SFO,250
BQK,ATL,238
OAK,ABQ,889
OAK,ATL,2130
OAK,AUS,1497
OAK,BNA,1959
OAK,BOI,511.751388888889
OAK,BOS,2694
OAK,BUR,325
OAK,BWI,2447
OAK,CMH,2110
OAK,DAL,1468
OAK,DEN,957
OAK,DFW,1457
OAK,FLL,2576
OAK,GEG,723
OAK,HNL,2409
OAK,HOU,1642
OAK,IAH,1628
OAK,JFK,2576
OAK,KOA,2378
OAK,LAS,407
OAK,LAX,337
OAK,LGB,353
OAK,LIH,2457
OAK,MCI,1489
OAK,MDW,1844
OAK,MSY,1903
OAK,OGG,2349
OAK,ONT,362
OAK,ORD,1836
OAK,PDX,543
OAK,PHX,646
OAK,SAN,446
OAK,SEA,671.778247393632
OAK,SLC,588
OAK,SNA,371
BNA,ATL,214
BNA,AUS,756
BNA,BOS,942
BNA,BWI,587
BNA,CHS,439
BNA,CLE,448
BNA,CLT,328
BNA,CMH,337
BNA,CVG,230
BNA,DAL,623
BNA,DCA,562
BNA,DEN,1014
BNA,DFW,631
BNA,DTW,456
BNA,ECP,401
BNA,EWR,748
BNA,FLL,793
BNA,HOU,670
BNA,IAD,542
BNA,IAH,657
BNA,JAX,483
BNA,JFK,765
BNA,LAS,1587
BNA,LAX,1797
BNA,LGA,764
BNA,MCI,491
BNA,MCO,616
BNA,MDW,395
BNA,MIA,806
BNA,MOB,385
BNA,MSP,695
BNA,MSY,471
BNA,OAK,1959
BNA,ORD,409
BNA,PHL,675
BNA,PHX,1449
BNA,PIT,462
BNA,PNS,391
BNA,RDU,442
BNA,RSW,722
BNA,SAN,1751
BNA,SAT,822
BNA,SEA,1978
BNA,SLC,1404
BNA,STL,272
BNA,TPA,612
BNA,TTN,706
CLT,ABQ,1449
CLT,ALB,646
CLT,ATL,226
CLT,AUS,1032
CLT,BDL,644
CLT,BNA,328
CLT,BOS,728
CLT,BUF,546
CLT,BWI,361
CLT,CHS,168
CLT,CLE,430
CLT,CMH,347
CLT,CVG,335
CLT,DAB,416
CLT,DAL,926
CLT,DCA,331
CLT,DEN,1337
CLT,DFW,936
CLT,DTW,500
CLT,EWR,529
CLT,FLL,631.735415882574
CLT,GSO,83
CLT,HOU,920
CLT,IAD,322
CLT,IAH,912
CLT,ILM,185
CLT,IND,427
CLT,JAX,328
CLT,JFK,541
CLT,LAS,1916
CLT,LAX,2125
CLT,LGA,544
CLT,MCI,808
CLT,MCO,468
CLT,MDT,413
CLT,MDW,584
CLT,MEM,511
CLT,MIA,650
CLT,MSP,930
CLT,MSY,651
CLT,MYR,157
CLT,ORD,599
CLT,ORF,290
CLT,PBI,590
CLT,PDX,2282
CLT,PHL,449
CLT,PHX,1773
CLT,PIT,366
CLT,PVD,683
CLT,PWM,813
CLT,RDU,130
CLT,RIC,257
CLT,ROC,573
CLT,RSW,600
CLT,SAN,2077
CLT,SAT,1095
CLT,SDF,335
CLT,SEA,2279
CLT,SFO,2296
CLT,SGF,708
CLT,SJU,1475
CLT,SLC,1727
CLT,SMF,2244
CLT,STL,575
CLT,STT,1520
CLT,STX,1562
CLT,SYR,603
CLT,TPA,507
CLT,TTN,484
BQN,EWR,1585
BQN,FLL,982.214689265537
BQN,JFK,1576
BQN,MCO,1129
DHN,ATL,170
SUN,DEN,557
SUN,SFO,587
SUN,SLC,222
BHM,ATL,134
BHM,BWI,682
BHM,DAL,587
BHM,DEN,1083
BHM,DFW,597
BHM,DTW,625
BHM,HOU,570
BHM,IAH,562
BHM,LAS,1618
BHM,LGA,866
BHM,MCO,479
BHM,MDW,570
BHM,MIA,661
BHM,ORD,584
BHM,TPA,459
FWA,ATL,508
FWA,DFW,859
FWA,DTW,128
FWA,MSP,488
FWA,ORD,157
DAY,ATL,432
DAY,BWI,406
DAY,DEN,1085
DAY,DFW,861
DAY,DTW,166
DAY,EWR,533
DAY,IAD,368
DAY,LGA,549
DAY,MCO,808
DAY,MSP,574
DAY,ORD,240
DAY,TPA,828
ALO,ORD,234
MRY,LAX,266
MRY,PHX,598
MRY,SFO,77
STL,ATL,484
STL,AUS,721
STL,BNA,272
STL,BOS,1047
STL,BWI,738
STL,CLE,487
STL,CLT,575
STL,CMH,409
STL,CVG,308
STL,DAL,546
STL,DCA,719
STL,DEN,770
STL,DFW,550
STL,DTW,440
STL,ECP,634
STL,EWR,872
STL,FLL,1056.589694656489
STL,GRR,382
STL,HOU,687
STL,IAD,696
STL,IAH,667
STL,LAS,1371
STL,LAX,1592
STL,LGA,888
STL,MCI,237
STL,MCO,882
STL,MDW,251
STL,MIA,1068
STL,MKE,317
STL,MSP,448
STL,MSY,604
STL,OKC,462
STL,OMA,342
STL,ORD,258
STL,PDX,1708
STL,PHL,814
STL,PHX,1262
STL,PIA,137
STL,RDU,667
STL,RSW,979
STL,SAN,1557
STL,SAT,786
STL,SEA,1709
STL,SFO,1735
STL,SLC,1156
STL,SNA,1569
STL,TPA,869
STL,TTN,837
STL,TUL,351
EWR,ALB,143
EWR,ANC,3370
EWR,ATL,746
EWR,AUS,1504
EWR,AVL,583
EWR,AVP,93
EWR,BDL,116
EWR,BNA,748
EWR,BOS,200
EWR,BQN,1585
EWR,BTV,266
EWR,BUF,282
EWR,BWI,169
EWR,BZN,1882
EWR,CAK,382
EWR,CHS,628
EWR,CLE,404
EWR,CLT,529
EWR,CMH,463
EWR,CVG,569
EWR,DAY,533
EWR,DCA,199
EWR,DEN,1605
EWR,DFW,1372
EWR,DSM,1017
EWR,DTW,488
EWR,EGE,1725
EWR,FLL,1065
EWR,GRR,605
EWR,GSO,445
EWR,GSP,594
EWR,HDN,1728
EWR,HNL,4962
EWR,HOU,1411
EWR,IAD,212
EWR,IAH,1400
EWR,IND,645
EWR,JAC,1874
EWR,JAX,820
EWR,JFK,21
EWR,LAS,2227
EWR,LAX,2454
EWR,MCI,1092
EWR,MCO,937
EWR,MDW,711
EWR,MEM,946
EWR,MHT,209
EWR,MIA,1085
EWR,MKE,725
EWR,MSN,799
EWR,MSP,1008
EWR,MSY,1167
EWR,MTJ,1795
EWR,MYR,550
EWR,OKC,1325
EWR,OMA,1134
EWR,ORD,719
EWR,ORF,284
EWR,PBI,1023
EWR,PDX,2434
EWR,PHL,80
EWR,PHX,2133
EWR,PIT,319
EWR,PVD,160
EWR,PWM,284
EWR,RDU,416
EWR,RIC,277
EWR,ROC,246
EWR,RSW,1068
EWR,SAN,2425
EWR,SAT,1569
EWR,SAV,708
EWR,SBN,637
EWR,SDF,642
EWR,SEA,2402
EWR,SFO,2565
EWR,SJU,1608
EWR,SLC,1969
EWR,SNA,2434
EWR,SRQ,1034
EWR,STL,872
EWR,STT,1634
EWR,SYR,195
EWR,TPA,997
EWR,TUL,1215
EWR,TVC,644
EWR,TYS,631
EWR,XNA,1131
FAI,ANC,261
FAI,MSP,2466
FAI,ORD,2785
FAI,SEA,1533
DAL,ABQ,580
DAL,AMA,323
DAL,ATL,721
DAL,AUS,189
DAL,BHM,587
DAL,BNA,623
DAL,BOS,1554
DAL,BWI,1209
DAL,CHS,977
DAL,CLT,926
DAL,CMH,919
DAL,DCA,1184
DAL,DEN,651
DAL,DTW,981
DAL,ECP,674
DAL,ELP,562
DAL,FLL,1108
DAL,HOU,239
DAL,IAH,216
DAL,ICT,333
DAL,IND,755
DAL,LAS,1067
DAL,LAX,1246
DAL,LBB,293
DAL,LGA,1381
DAL,LIT,296
DAL,MAF,319
DAL,MCI,460
DAL,MCO,973
DAL,MDW,793
DAL,MEM,423
DAL,MKE,850
DAL,MSY,436
DAL,OAK,1468
DAL,OKC,181
DAL,OMA,585
DAL,PDX,1626
DAL,PHL,1295
DAL,PHX,879
DAL,PIT,1060
DAL,RDU,1052
DAL,SAN,1182
DAL,SAT,248
DAL,SEA,1670
DAL,SFO,1476
DAL,SJC,1450
DAL,SLC,999
DAL,SMF,1442
DAL,SNA,1216
DAL,STL,546
DAL,TPA,917
DAL,TUL,237
PWM,ATL,1027
PWM,BWI,452
PWM,CLT,813
PWM,DCA,482
PWM,DTW,668
PWM,EWR,284
PWM,JFK,273
PWM,LGA,269
PWM,MCO,1214
PWM,MDW,895
PWM,ORD,900
MVY,BOS,70
MVY,JFK,173
SHV,ATL,551
SHV,DEN,792
SHV,DFW,190
SHV,IAH,192
RIC,ATL,481
RIC,BOS,474
RIC,CAE,326
RIC,CLT,257
RIC,CVG,413
RIC,DFW,1158
RIC,DTW,456
RIC,EWR,277
RIC,FLL,805
RIC,IAD,100
RIC,IAH,1157
RIC,LGA,292
RIC,MCO,667
RIC,MIA,825
RIC,MSP,970
RIC,ORD,642
RIC,PHL,198
DRO,DEN,250.73121869783
DRO,DFW,674
DRO,PHX,351.83751651255
HOB,IAH,501
EYW,ATL,646
EYW,LGA,1207
EYW,MIA,125
STC,ORD,394
FAR,ATL,1123
FAR,DEN,627
FAR,DFW,968
FAR,JMS,88
FAR,MSP,223
FAR,ORD,557
FAR,SLC,866
CLE,ATL,554
CLE,BDL,476
CLE,BNA,448
CLE,BOS,563
CLE,BWI,314
CLE,CHS,595
CLE,CLT,430
CLE,DCA,310
CLE,DEN,1201
CLE,DFW,1021
CLE,DTW,95
CLE,EWR,404
CLE,FLL,1062
CLE,IAD,288
CLE,IAH,1091
CLE,JFK,425
CLE,LAS,1824
CLE,LAX,2052
CLE,LGA,419
CLE,MCO,895
CLE,MDW,307
CLE,MIA,1080
CLE,MKE,328
CLE,MSP,622
CLE,MYR,557
CLE,ORD,315.254854368932
CLE,PHL,363
CLE,PHX,1737
CLE,RDU,416
CLE,RSW,1025
CLE,SCE,213
CLE,SEA,2021
CLE,SFO,2161
CLE,SJU,1839
CLE,STL,487
CLE,TPA,927
GRI,DFW,561
SIT,JNU,95
SIT,KTN,183
SIT,SEA,861
SRQ,ATL,444
SRQ,BOS,1220
SRQ,DTW,1022
SRQ,EWR,1034
SRQ,JFK,1041
SRQ,LGA,1047
SRQ,ORD,1050
EKO,SLC,200
HDN,ATL,1340
HDN,DEN,141
HDN,DFW,769
HDN,EWR,1728
HDN,IAD,1582
HDN,IAH,985
HDN,LAX,763
HDN,ORD,1009
HDN,SEA,891
HDN,SFO,838
HIB,INL,86
HIB,MSP,174
LAR,DEN,113
CRP,ATL,876
CRP,DFW,354
CRP,HOU,187
CRP,HRL,107
CRP,IAH,201
HLN,DEN,594
HLN,MSP,913
HLN,SLC,402
ORF,ATL,516
ORF,BWI,159
ORF,CLT,290
ORF,DCA,143
ORF,DFW,1212
ORF,DTW,529
ORF,EWR,284
ORF,IAD,157
ORF,IAH,1201
ORF,JFK,290
ORF,LGA,296
ORF,MCO,655
ORF,MDW,704
ORF,MIA,802
ORF,MSP,1045
ORF,ORD,717
ORF,TPA,717
TPA,ACY,913
TPA,ALB,1130
TPA,ATL,406
TPA,AUS,928
TPA,BDL,1111
TPA,BHM,459
TPA,BNA,612
TPA,BOS,1185
TPA,BUF,1053
TPA,BWI,842
TPA,CAK,894
TPA,CLE,927
TPA,CLT,507
TPA,CMH,829
TPA,CVG,773
TPA,DAL,917
TPA,DAY,828
TPA,DCA,814
TPA,DEN,1506
TPA,DFW,929
TPA,DTW,983
TPA,EWR,997
TPA,FLL,197
TPA,FNT,1036
TPA,GRR,1041
TPA,HOU,781
TPA,HPN,1032
TPA,IAD,811
TPA,IAH,787
TPA,ILG,899
TPA,IND,837
TPA,ISP,1034
TPA,JFK,1005
TPA,LAS,1984
TPA,LAX,2158
TPA,LBE,866
TPA,LGA,1010
TPA,MCI,1048
TPA,MDW,997
TPA,MEM,655
TPA,MHT,1204
TPA,MIA,204
TPA,MKE,1075
TPA,MSP,1306
TPA,MSY,488
TPA,ORD,1012
TPA,ORF,717
TPA,PHL,920
TPA,PHX,1788
TPA,PIT,873
TPA,PVD,1136
TPA,RDU,587
TPA,ROC,1079
TPA,SAT,972
TPA,SDF,727
TPA,SEA,2520
TPA,SFO,2393
TPA,SJU,1237
TPA,SLC,1888
TPA,STL,869
TPA,TTN,955
LIT,ATL,453
LIT,BWI,912
LIT,DAL,296
LIT,DEN,771
LIT,DFW,304
LIT,DTW,705
LIT,IAH,374
LIT,LAS,1294
LIT,LGA,1085
LIT,MDW,544
LIT,ORD,552
LIT,PHX,1136
JAX,ATL,270
JAX,BNA,483
JAX,BOS,1010
JAX,BWI,663
JAX,CLT,328
JAX,DCA,634
JAX,DEN,1447
JAX,DFW,918
JAX,DTW,813
JAX,EWR,820
JAX,FLL,319
JAX,HOU,816
JAX,IAD,630
JAX,IAH,817
JAX,JFK,828
JAX,LAS,1965
JAX,LGA,833
JAX,MDW,849
JAX,MIA,335
JAX,MSP,1174
JAX,ORD,864
JAX,PHL,742
PBG,FLL,1334
PBG,MYR,811
LIH,DEN,3414
LIH,HNL,102
LIH,LAX,2615
LIH,OAK,2457
LIH,OGG,201
LIH,PDX,2631
LIH,PHX,2979
LIH,SAN,2676
LIH,SEA,2701
LIH,SFO,2447
LIH,SJC,2466
SFO,ABQ,896
SFO,ACV,250
SFO,ANC,2018
SFO,ASE,848
SFO,ATL,2139
SFO,AUS,1504
SFO,BFL,238
SFO,BOI,522
SFO,BOS,2704
SFO,BUR,326
SFO,BWI,2457
SFO,BZN,807
SFO,CEC,304
SFO,CLE,2161
SFO,CLT,2296
SFO,COS,964
SFO,CVG,2036
SFO,DAL,1476
SFO,DCA,2442
SFO,DEN,967
SFO,DFW,1464
SFO,DTW,2079
SFO,EUG,451
SFO,EWR,2565
SFO,FAT,158
SFO,FLL,2583.707602339181
SFO,HDN,838
SFO,HNL,2398
SFO,IAD,2419
SFO,IAH,1635
SFO,IND,1943
SFO,JAC,737
SFO,JFK,2586
SFO,KOA,2367
SFO,LAS,414
SFO,LAX,337
SFO,LGB,354
SFO,LIH,2447
SFO,MCI,1499
SFO,MCO,2446
SFO,MDW,1855
SFO,MFR,329
SFO,MIA,2585
SFO,MKE,1845
SFO,MMH,193
SFO,MRY,77
SFO,MSN,1772
SFO,MSO,769
SFO,MSP,1589
SFO,MSY,1911
SFO,MTJ,791
SFO,OGG,2338
SFO,OKC,1384
SFO,OMA,1433
SFO,ONT,363
SFO,ORD,1846
SFO,OTH,412
SFO,PDX,550
SFO,PHL,2521
SFO,PHX,651
SFO,PIT,2254
SFO,PSC,620
SFO,PSP,421
SFO,RDD,199
SFO,RDM,462
SFO,RDU,2400
SFO,RNO,192
SFO,SAN,447
SFO,SAT,1482
SFO,SBA,262
SFO,SBP,190
SFO,SEA,679
SFO,SLC,599
SFO,SMF,86
SFO,SMX,216
SFO,SNA,372
SFO,STL,1735
SFO,SUN,587
SFO,TUS,751
SFO,XNA,1550
MEI,DFW,485
MEI,PIB,69
CAK,ATL,528
CAK,BOS,549
CAK,DCA,274
CAK,DEN,1224
CAK,DTW,133
CAK,EWR,382
CAK,LAS,1846
CAK,LGA,397
CAK,MCO,861
CAK,ORD,343
CAK,RSW,991
CAK,TPA,894
CHA,ATL,106
CHA,DFW,695
CHA,DTW,505
CHA,ORD,501
PSC,DEN,852
PSC,MSP,1254
PSC,SEA,172
PSC,SFO,620
PSC,SLC,521
FAT,DEN,844
FAT,DFW,1313
FAT,LAX,209
FAT,PDX,626
FAT,PHX,493
FAT,SAN,314
FAT,SEA,748
FAT,SFO,158
FAT,SLC,501
BLI,HNL,2715
BLI,LAS,954
BLI,OGG,2681
BLI,SEA,93
GCK,DFW,404
BMI,ATL,533
BMI,DEN,834
BMI,DFW,690
BMI,DTW,313
BMI,MCO,936
BMI,MSP,375
BMI,ORD,116
LNK,ATL,841
LNK,DEN,423
LNK,MSP,331
LNK,ORD,466
RDM,DEN,898
RDM,LAX,726
RDM,SFO,462
RDM,SLC,525
COS,ATL,1184
COS,DEN,73
COS,DFW,592
COS,IAH,809
COS,LAX,833
COS,ORD,911
COS,SEA,1068
COS,SFO,964
COS,SLC,411
SYR,ATL,794
SYR,CLT,603
SYR,DCA,298
SYR,DTW,374
SYR,EWR,195
SYR,IAD,296
SYR,JFK,209
SYR,LGA,198
SYR,MCO,1053
SYR,MSP,860
SYR,ORD,607
FLL,ACY,977
FLL,ALB,1204
FLL,ATL,581
FLL,AUS,1105
FLL,BDL,1173
FLL,BNA,793
FLL,BOS,1237
FLL,BQN,982.219101123595
FLL,BUF,1165.610576923077
FLL,BWI,925
FLL,CHS,470
FLL,CLE,1062
FLL,CLT,631.735515425132
FLL,CMH,973
FLL,CVG,932
FLL,DAL,1108
FLL,DCA,899
FLL,DEN,1703
FLL,DFW,1119
FLL,DTW,1127
FLL,EWR,1065
FLL,HOU,957
FLL,HPN,1097
FLL,IAD,901
FLL,IAG,1176
FLL,IAH,965.740631163708
FLL,IND,1005
FLL,ISP,1092
FLL,JAX,319
FLL,JFK,1069
FLL,LAS,2173
FLL,LAX,2342.745664739884
FLL,LBE,980
FLL,LGA,1076
FLL,MCI,1242
FLL,MCO,177
FLL,MDW,1166.705978705979
FLL,MHT,1262
FLL,MKE,1243
FLL,MSP,1487
FLL,MSY,674
FLL,MYR,529
FLL,ORD,1182
FLL,ORH,1211
FLL,PBG,1334
FLL,PHL,992
FLL,PHX,1972
FLL,PIT,994
FLL,PVD,1188
FLL,RDU,680
FLL,RIC,805
FLL,SEA,2717
FLL,SFO,2583.708851499634
FLL,SJU,1046
FLL,STL,1056.585741811175
FLL,STT,1107
FLL,SWF,1118
FLL,TPA,197
FLL,TTN,1026
PDX,ABQ,1111
PDX,ANC,1542
PDX,ATL,2172
PDX,AUS,1715
PDX,BOI,344
PDX,BOS,2537
PDX,BUR,817
PDX,BWI,2358
PDX,BZN,554
PDX,CLT,2282
PDX,DAL,1626
PDX,DCA,2350
PDX,DEN,991
PDX,DFW,1616
PDX,DTW,1953
PDX,EWR,2434
PDX,FAT,626
PDX,HNL,2603
PDX,HOU,1843
PDX,IAD,2327
PDX,IAH,1825
PDX,JFK,2454
PDX,KOA,2607
PDX,LAS,763
PDX,LAX,834
PDX,LGB,846
PDX,LIH,2631
PDX,MCI,1482
PDX,MDW,1751
PDX,MSP,1426
PDX,OAK,543
PDX,OGG,2562
PDX,ONT,838
PDX,ORD,1739
PDX,PHL,2406
PDX,PHX,1009
PDX,PSP,873
PDX,SAN,933
PDX,SBA,784
PDX,SEA,129
PDX,SFO,550
PDX,SJC,569
PDX,SLC,630
PDX,SMF,479
PDX,SNA,859
PDX,STL,1708
PDX,TUS,1119
MLB,ATL,442
XNA,ATL,589
XNA,CVG,562
XNA,DEN,616
XNA,DFW,280
XNA,EWR,1131
XNA,IAH,438
XNA,LGA,1147
XNA,MSP,596
XNA,ORD,522
XNA,SFO,1550
XNA,SLC,1004
CPR,DEN,230
CPR,SLC,320
OME,ANC,539
OME,OTZ,183
VEL,SLC,132
MOB,ATL,302
MOB,DFW,539
MOB,IAH,427
MOB,ORD,778.748407643312
YAK,CDV,213
YAK,JNU,198.917127071823
LAW,DFW,140
IAH,ABQ,744
IAH,AEX,190
IAH,AGS,821
IAH,AMA,517
IAH,ANC,3266
IAH,ASE,913
IAH,ATL,689
IAH,AUS,140
IAH,BDL,1507
IAH,BFL,1428
IAH,BHM,562
IAH,BNA,657
IAH,BOI,1482
IAH,BOS,1597
IAH,BRO,308
IAH,BTR,253
IAH,BWI,1235
IAH,BZN,1385
IAH,CAE,878
IAH,CHS,925
IAH,CLE,1091
IAH,CLL,74
IAH,CLT,912
IAH,CMH,986
IAH,COS,809
IAH,CRP,201
IAH,CRW,975
IAH,CVG,871
IAH,DAL,216
IAH,DCA,1208
IAH,DEN,862
IAH,DFW,224
IAH,DSM,802
IAH,DTW,1075
IAH,ECP,572
IAH,EGE,934
IAH,ELP,667
IAH,EWR,1400
IAH,FLL,965.741489886532
IAH,GJT,979
IAH,GPT,376
IAH,GRK,166
IAH,GRR,1042
IAH,GSP,837
IAH,GUC,886
IAH,HDN,985
IAH,HNL,3904
IAH,HOB,501
IAH,HRL,295
IAH,HSV,595
IAH,IAD,1190
IAH,ICT,542
IAH,IND,844
IAH,ISN,1330
IAH,JAC,1265
IAH,JAN,351
IAH,JAX,817
IAH,LAS,1222
IAH,LAX,1379
IAH,LBB,458
IAH,LCH,127
IAH,LEX,828
IAH,LFT,201
IAH,LGA,1416
IAH,LIT,374
IAH,LRD,301
IAH,MAF,429
IAH,MCI,643
IAH,MCO,854
IAH,MEM,468
IAH,MFE,316
IAH,MIA,964
IAH,MKE,984
IAH,MLU,262
IAH,MOB,427
IAH,MSN,966
IAH,MSP,1034
IAH,MSY,305
IAH,MTJ,927
IAH,OAK,1628
IAH,OKC,395
IAH,OMA,781
IAH,ONT,1334
IAH,ORD,925
IAH,ORF,1201
IAH,PBI,956
IAH,PDX,1825
IAH,PHL,1325
IAH,PHX,1009
IAH,PIA,802
IAH,PIT,1117
IAH,PNS,489
IAH,PSP,1269
IAH,RAP,1058
IAH,RDU,1042
IAH,RIC,1157
IAH,RNO,1530
IAH,RSW,861
IAH,SAN,1303
IAH,SAT,191
IAH,SAV,851
IAH,SDF,788
IAH,SEA,1874
IAH,SFO,1635
IAH,SHV,192
IAH,SJC,1608
IAH,SJU,2007
IAH,SLC,1195
IAH,SMF,1609
IAH,SNA,1346
IAH,STL,667
IAH,STT,2070
IAH,TPA,787
IAH,TUL,429
IAH,TUS,936
IAH,TYR,163
IAH,TYS,771
IAH,VPS,528
IAH,XNA,438
EWN,ATL,433
SPI,DFW,630
SPI,ORD,174
SBA,DEN,916
SBA,LAX,89
SBA,PDX,784
SBA,PHX,455
SBA,SEA,908
SBA,SFO,262
ASE,ATL,1304
ASE,DEN,125
ASE,DFW,701
ASE,IAH,913
ASE,LAX,737
ASE,MSP,802
ASE,ORD,1013
ASE,SFO,848
APN,DTW,198
HOU,ABQ,759
HOU,ATL,696
HOU,AUS,148
HOU,BHM,570
HOU,BNA,670
HOU,BOS,1609
HOU,BWI,1246
HOU,CHS,928
HOU,CLT,920
HOU,CRP,187
HOU,DAL,239
HOU,DCA,1218
HOU,DEN,883
HOU,DFW,247
HOU,ECP,571
HOU,ELP,677
HOU,EWR,1411
HOU,FLL,957
HOU,GSP,845
HOU,HRL,277
HOU,IND,861
HOU,JAX,816
HOU,JFK,1428
HOU,LAS,1235
HOU,LAX,1390
HOU,LBB,474
HOU,LGA,1428
HOU,MAF,441
HOU,MCI,666
HOU,MCO,849
HOU,MDW,937
HOU,MEM,484
HOU,MSY,302
HOU,OAK,1642
HOU,OKC,419
HOU,PDX,1843
HOU,PHX,1020
HOU,PIT,1131
HOU,PNS,488
HOU,RDU,1050
HOU,RSW,853
HOU,SAN,1313
HOU,SAT,192
HOU,SEA,1894
HOU,SJU,1997
HOU,SLC,1214
HOU,SNA,1357
HOU,STL,687
HOU,TPA,781
HOU,TUL,453
HOU,TUS,945
CEC,SFO,304
AEX,ATL,500
AEX,DFW,285
AEX,IAH,190
OAJ,ATL,399
ORD,ABE,654.27358490566
ORD,ABQ,1118
ORD,ACY,720
ORD,ALB,723
ORD,ALO,234
ORD,ANC,2846
ORD,ASE,1013
ORD,ATL,606
ORD,ATW,160
ORD,AUS,977.732258064516
ORD,AVL,536
ORD,AVP,632
ORD,AZO,122
ORD,BDL,783
ORD,BHM,584
ORD,BIL,1060
ORD,BIS,716
ORD,BMI,116
ORD,BNA,409
ORD,BOI,1437
ORD,BOS,867
ORD,BTV,763
ORD,BUF,473.295434198747
ORD,BWI,622
ORD,BZN,1186
ORD,CAE,666.742331288344
ORD,CAK,343
ORD,CHA,501
ORD,CHO,566.716216216216
ORD,CHS,760
ORD,CID,196
ORD,CLE,315.258596654275
ORD,CLT,599
ORD,CMH,296
ORD,CMI,135
ORD,CMX,359.252400548697
ORD,COD,1077
ORD,COS,911
ORD,COU,315
ORD,CRW,416
ORD,CVG,264.766948185346
ORD,CWA,212.265929778934
ORD,DAY,240
ORD,DBQ,147
ORD,DCA,612
ORD,DEN,888
ORD,DFW,802
ORD,DLH,397
ORD,DSM,299
ORD,DTW,235
ORD,EAU,268.252054794521
ORD,EGE,1007
ORD,ELM,566
ORD,ELP,1236
ORD,ERI,398
ORD,EVV,272.173890608875
ORD,EWR,719
ORD,FAI,2785
ORD,FAR,557
ORD,FCA,1352
ORD,FLL,1182
ORD,FNT,223
ORD,FSD,462
ORD,FWA,157
ORD,GJT,1100
ORD,GRB,173
ORD,GRR,137
ORD,GSO,589
ORD,GSP,577.696296296296
ORD,GUC,1031
ORD,HDN,1009
ORD,HNL,4243
ORD,HPN,738
ORD,HSV,510
ORD,IAD,588.78608613346
ORD,IAH,925
ORD,ICT,588
ORD,IND,177
ORD,JAC,1162
ORD,JAN,677
ORD,JAX,864
ORD,JFK,740
ORD,LAN,179
ORD,LAS,1514
ORD,LAX,1744
ORD,LBE,459
ORD,LEX,323
ORD,LGA,733
ORD,LIT,552
ORD,LNK,466
ORD,LSE,215
ORD,MBS,222
ORD,MCI,403
ORD,MCO,1005
ORD,MDT,594
ORD,MEM,491
ORD,MHK,501
ORD,MHT,843
ORD,MIA,1197
ORD,MKE,67
ORD,MKG,118
ORD,MLI,139
ORD,MOB,778.750798722045
ORD,MQT,303
ORD,MSN,108
ORD,MSP,334
ORD,MSY,837
ORD,MTJ,1081
ORD,MYR,753
ORD,OAK,1836
ORD,OGG,4184
ORD,OKC,693
ORD,OMA,416
ORD,ORF,717
ORD,PAH,342
ORD,PBI,1144
ORD,PDX,1739
ORD,PHL,678
ORD,PHX,1440
ORD,PIA,130
ORD,PIT,413
ORD,PNS,794
ORD,PSP,1651.761394101877
ORD,PVD,849
ORD,PWM,900
ORD,RAP,779
ORD,RDU,646
ORD,RIC,642
ORD,RNO,1671
ORD,ROA,531
ORD,ROC,528
ORD,RST,268
ORD,RSW,1120
ORD,SAN,1723
ORD,SAT,1041
ORD,SAV,773
ORD,SBN,84
ORD,SCE,528
ORD,SDF,286.802259887006
ORD,SEA,1721
ORD,SFO,1846
ORD,SGF,438
ORD,SJC,1829
ORD,SJU,2072
ORD,SLC,1250
ORD,SMF,1781
ORD,SNA,1726
ORD,SPI,174
ORD,SRQ,1050
ORD,STC,394
ORD,STL,258
ORD,STT,2116
ORD,SUX,436
ORD,SYR,607
ORD,TOL,213
ORD,TPA,1012
ORD,TTN,693
ORD,TUL,585
ORD,TUS,1437
ORD,TVC,224
ORD,TYS,475
ORD,XNA,522
IAD,ALB,325
IAD,ATL,534
IAD,AUS,1297
IAD,BDL,326
IAD,BNA,542
IAD,BOS,413
IAD,BTV,441
IAD,BUF,283
IAD,CAE,401
IAD,CHS,441
IAD,CLE,288
IAD,CLT,322
IAD,CMH,299
IAD,CVG,388
IAD,DAY,368
IAD,DEN,1452
IAD,DFW,1172
IAD,DTW,383
IAD,EWR,212
IAD,FLL,901
IAD,GRR,501
IAD,GSO,239
IAD,GSP,384
IAD,HDN,1582
IAD,HNL,4817
IAD,HSV,596
IAD,IAH,1190
IAD,IND,476
IAD,JAC,1750
IAD,JAX,630
IAD,JFK,228
IAD,LAS,2065
IAD,LAX,2288
IAD,LGA,229
IAD,MCI,926
IAD,MCO,758
IAD,MDW,577
IAD,MEM,742
IAD,MIA,921
IAD,MSN,684
IAD,MSP,908
IAD,MSY,955
IAD,OKC,1136
IAD,ORD,588.797995780591
IAD,ORF,157
IAD,PBI,859
IAD,PDX,2327
IAD,PHX,1956
IAD,PIT,182
IAD,PVD,372
IAD,RDU,224
IAD,RIC,100
IAD,ROA,177
IAD,ROC,288
IAD,RSW,891
IAD,SAN,2253
IAD,SAT,1362
IAD,SAV,515
IAD,SDF,451
IAD,SEA,2306
IAD,SFO,2419
IAD,SJU,1571
IAD,SMF,2358
IAD,STL,696
IAD,STT,1606
IAD,SYR,296
IAD,TPA,811
IAD,TTN,168
IAD,TUL,1027
IAD,TYS,419
IAD,UST,658
MSP,ABQ,981
MSP,ABR,257
MSP,ALB,980
MSP,ANC,2519
MSP,ASE,802
MSP,ATL,907
MSP,ATW,236
MSP,AUS,1042
MSP,AZO,426
MSP,BDL,1050
MSP,BIL,748
MSP,BIS,386
MSP,BJI,199
MSP,BMI,375
MSP,BNA,695
MSP,BOI,1142
MSP,BOS,1124
MSP,BRD,114
MSP,BUF,735
MSP,BWI,936
MSP,BZN,874
MSP,CID,220
MSP,CLE,622
MSP,CLT,930
MSP,CMH,626
MSP,CVG,596
MSP,CWA,175
MSP,DAY,574
MSP,DCA,931
MSP,DEN,680
MSP,DFW,852
MSP,DIK,481
MSP,DLH,144
MSP,DSM,232
MSP,DTW,528
MSP,EGE,788
MSP,EWR,1008
MSP,FAI,2466
MSP,FAR,223
MSP,FCA,1026
MSP,FLL,1487
MSP,FNT,491
MSP,FSD,196
MSP,FWA,488
MSP,GEG,1175
MSP,GFK,284
MSP,GRB,252
MSP,GRR,408
MSP,GTF,887
MSP,HIB,174
MSP,HLN,913
MSP,HNL,3972
MSP,IAD,908
MSP,IAH,1034
MSP,ICT,545
MSP,IDA,939
MSP,IMT,257
MSP,IND,503
MSP,INL,255
MSP,ISN,546
MSP,JAC,872
MSP,JAX,1174
MSP,JFK,1029
MSP,LAN,455
MSP,LAS,1299
MSP,LAX,1535
MSP,LEX,650
MSP,LGA,1020
MSP,LNK,331
MSP,LSE,119
MSP,MBS,463
MSP,MCI,393
MSP,MCO,1310
MSP,MDW,349
MSP,MEM,700
MSP,MIA,1501
MSP,MKE,297
MSP,MLI,274
MSP,MOT,449
MSP,MSN,228
MSP,MSO,1013
MSP,MSY,1039
MSP,OKC,694
MSP,OMA,282
MSP,ORD,334
MSP,ORF,1045
MSP,PDX,1426
MSP,PHL,980
MSP,PHX,1276
MSP,PIA,342
MSP,PIT,726
MSP,PSC,1254
MSP,PSP,1454
MSP,RAP,489
MSP,RDU,980
MSP,RHI,190
MSP,RIC,970
MSP,RNO,1405
MSP,ROC,783
MSP,RST,76
MSP,RSW,1416
MSP,SAN,1532
MSP,SAT,1097
MSP,SBN,411
MSP,SDF,604
MSP,SEA,1399
MSP,SFO,1589
MSP,SJC,1576
MSP,SJU,2404
MSP,SLC,991
MSP,SMF,1517
MSP,SNA,1522
MSP,STL,448
MSP,SYR,860
MSP,TPA,1306
MSP,TTN,989
MSP,TUL,615
MSP,TUS,1298
MSP,TVC,376
MSP,XNA,596
TXK,DFW,181
BIL,COD,92
BIL,DEN,455
BIL,MSP,748
BIL,ORD,1060
BIL,SEA,664
BIL,SLC,387
BTM,SLC,358
ACY,ATL,679
ACY,BOS,274
ACY,DTW,497
ACY,FLL,977
ACY,MCO,852
ACY,MYR,466
ACY,ORD,720
ACY,PBI,936
ACY,RSW,982
ACY,TPA,913
MSO,ATL,1800
MSO,BTM,101
MSO,DEN,679
MSO,MSP,1013
MSO,ORD,1332
MSO,SEA,389
MSO,SFO,769
MSO,SLC,436
OTZ,ANC,548
OTZ,OME,183
GPT,ATL,352
GPT,DFW,500
GPT,IAH,376
GPT,VPS,152
GUC,DEN,152
GUC,DFW,678
GUC,IAH,886
GUC,ORD,1031
MBS,ATL,683
MBS,DTW,98
MBS,MSP,463
MBS,ORD,222
STX,ATL,1638
STX,CLT,1562
STX,MIA,1139
STX,SJU,94
FCA,ATL,1842
FCA,DEN,752
FCA,MSO,97
FCA,MSP,1026
FCA,ORD,1352
FCA,SLC,531
DAB,ATL,366
DAB,CLT,416
SMF,ATL,2092
SMF,BOS,2636
SMF,BUR,358
SMF,CLT,2244
SMF,DAL,1442
SMF,DEN,909
SMF,DFW,1431
SMF,HNL,2462
SMF,IAD,2358
SMF,IAH,1609
SMF,JFK,2521
SMF,LAS,397
SMF,LAX,373
SMF,LGB,387
SMF,MDW,1790
SMF,MSP,1517
SMF,OGG,2404
SMF,ONT,390
SMF,ORD,1781
SMF,PDX,479
SMF,PHL,2458
SMF,PHX,647
SMF,SAN,480
SMF,SEA,605
SMF,SFO,86
SMF,SLC,532
SMF,SNA,404
SGU,DEN,517
SGU,SLC,272
ABR,MSP,257
JFK,ABQ,1826
JFK,ACK,199
JFK,ATL,760
JFK,AUS,1521
JFK,BNA,765
JFK,BOS,187
JFK,BQN,1576
JFK,BTV,266
JFK,BUF,301
JFK,BUR,2465
JFK,BWI,184
JFK,CHS,636
JFK,CLE,425
JFK,CLT,541
JFK,CMH,483
JFK,CVG,589
JFK,DCA,213
JFK,DEN,1626
JFK,DFW,1391
JFK,DTW,509
JFK,EGE,1746
JFK,FLL,1069
JFK,HNL,4983
JFK,HOU,1428
JFK,HYA,196
JFK,IAD,228
JFK,IND,665
JFK,JAC,1894
JFK,JAX,828
JFK,LAS,2248
JFK,LAX,2475
JFK,LGB,2465
JFK,MCO,944
JFK,MIA,1089
JFK,MSP,1029
JFK,MSY,1182
JFK,MVY,173
JFK,OAK,2576
JFK,ORD,740
JFK,ORF,290
JFK,PBI,1028
JFK,PDX,2454
JFK,PHX,2153
JFK,PIT,340
JFK,PSE,1617
JFK,PSP,2378
JFK,PWM,273
JFK,RDU,427
JFK,RNO,2411
JFK,ROC,264
JFK,RSW,1074
JFK,SAN,2446
JFK,SAT,1587
JFK,SAV,718
JFK,SEA,2422
JFK,SFO,2586
JFK,SJC,2569
JFK,SJU,1598
JFK,SLC,1990
JFK,SMF,2521
JFK,SRQ,1041
JFK,STT,1623
JFK,SYR,209
JFK,TPA,1005
DEN,ABQ,349
DEN,ALB,1610
DEN,AMA,359
DEN,ANC,2405
DEN,ASE,125
DEN,ATL,1199
DEN,AUS,775
DEN,BDL,1671
DEN,BFL,845
DEN,BHM,1083
DEN,BIL,455
DEN,BIS,516
DEN,BMI,834
DEN,BNA,1014
DEN,BOI,649
DEN,BOS,1754
DEN,BUR,850
DEN,BWI,1491
DEN,BZN,524
DEN,CAK,1224
DEN,CID,692
DEN,CLE,1201
DEN,CLT,1337
DEN,CMH,1154
DEN,COD,391
DEN,COS,73
DEN,CPR,230
DEN,CVG,1069
DEN,DAL,651
DEN,DAY,1085
DEN,DCA,1476
DEN,DFW,641
DEN,DIK,488
DEN,DRO,250.73121869783
DEN,DSM,589
DEN,DTW,1123
DEN,EGE,120
DEN,ELP,563
DEN,EUG,996
DEN,EWR,1605
DEN,FAR,627
DEN,FAT,844
DEN,FCA,752
DEN,FLL,1703
DEN,FSD,483
DEN,GCC,313
DEN,GEG,836
DEN,GJT,212
DEN,GRR,1015
DEN,GSO,1370
DEN,GTF,624
DEN,GUC,152
DEN,HDN,141
DEN,HLN,594
DEN,HNL,3365
DEN,HOU,883
DEN,HSV,1048
DEN,HYS,298
DEN,IAD,1452
DEN,IAH,862
DEN,ICT,420
DEN,IDA,458
DEN,IND,977
DEN,ISN,576
DEN,JAC,406
DEN,JAX,1447
DEN,JFK,1626
DEN,JMS,573
DEN,KOA,3329
DEN,LAR,113
DEN,LAS,628
DEN,LAX,862
DEN,LBB,456
DEN,LFT,978
DEN,LGA,1620
DEN,LIH,3414
DEN,LIT,771
DEN,LNK,423
DEN,MAF,563
DEN,MCI,533
DEN,MCO,1546
DEN,MDT,1474
DEN,MDW,895
DEN,MEM,872
DEN,MFR,964
DEN,MIA,1709
DEN,MKE,896
DEN,MLI,752
DEN,MMH,780
DEN,MOT,604
DEN,MSN,826
DEN,MSO,679
DEN,MSP,680
DEN,MSY,1062
DEN,MTJ,196
DEN,OAK,957
DEN,OGG,3302
DEN,OKC,495
DEN,OMA,472
DEN,ONT,819
DEN,ORD,888
DEN,OTH,1040
DEN,PBI,1679
DEN,PDX,991
DEN,PHF,1533
DEN,PHL,1558
DEN,PHX,602
DEN,PIA,793
DEN,PIT,1290
DEN,PSC,852
DEN,PSP,776
DEN,PUB,109
DEN,RAP,300
DEN,RDM,898
DEN,RDU,1436
DEN,RKS,260
DEN,RNO,804
DEN,RSW,1607
DEN,SAF,303
DEN,SAN,853
DEN,SAT,794
DEN,SBA,916
DEN,SDF,1024
DEN,SEA,1024
DEN,SFO,967
DEN,SGF,637
DEN,SGU,517
DEN,SHV,792
DEN,SJC,948
DEN,SLC,391
DEN,SMF,909
DEN,SNA,846
DEN,STL,770
DEN,SUN,557
DEN,TPA,1506
DEN,TUL,541
DEN,TUS,639
DEN,TYS,1162
DEN,XNA,616
YUM,PHX,160
GSO,ATL,306
GSO,CLT,83
GSO,CRW,181
GSO,DEN,1370
GSO,DFW,999
GSO,DTW,460
GSO,EWR,445
GSO,IAD,239
GSO,LGA,461
GSO,MIA,710
GSO,ORD,589
GSO,ROA,84
ROW,DFW,435
DVL,DEN,638
DVL,JMS,83
LGB,ANC,2360
LGB,AUS,1226
LGB,BOS,2602
LGB,JFK,2465
LGB,LAS,231
LGB,OAK,353
LGB,PDX,846
LGB,PHX,355
LGB,SEA,965
LGB,SFO,354
LGB,SLC,588
LGB,SMF,387
BRW,ANC,725
BRW,FAI,503
BRW,SCC,204
SJT,DFW,229
TWF,SLC,175
SDF,ATL,321
SDF,BWI,495
SDF,CLT,335
SDF,DCA,474
SDF,DEN,1024
SDF,DFW,733
SDF,DTW,306
SDF,EWR,642
SDF,IAD,451
SDF,IAH,788
SDF,LAS,1624
SDF,LGA,659
SDF,MCO,719
SDF,MDW,271
SDF,MSP,604
SDF,ORD,286.79704797048
SDF,PHX,1506
SDF,TPA,727
MKE,ATL,669
MKE,BOS,860
MKE,BWI,641
MKE,CLE,328
MKE,CVG,318
MKE,DAL,850
MKE,DCA,634
MKE,DEN,896
MKE,DFW,853
MKE,DTW,237
MKE,EWR,725
MKE,FLL,1243
MKE,IAH,984
MKE,LAS,1524
MKE,LAX,1756
MKE,LGA,738
MKE,MCI,436
MKE,MCO,1066
MKE,MSP,297
MKE,MSY,903
MKE,ORD,67
MKE,PHX,1460
MKE,RSW,1183
MKE,SAN,1739
MKE,SEA,1694
MKE,SFO,1845
MKE,STL,317
MKE,TPA,1075
MKE,TTN,701
SWF,DTW,479
SWF,FLL,1118
SWF,LGA,52
SWF,MCO,989
SWF,PBI,1077
SWF,RSW,1120
SWF,TPA,1047
WYS,SLC,273
CAE,ATL,192
CAE,DFW,922
CAE,IAD,401
CAE,IAH,878
CAE,LGA,617
CAE,ORD,666.741194486983
ADK,ANC,1192
OKC,ATL,761
OKC,BWI,1180
OKC,DAL,181
OKC,DEN,495
OKC,DFW,175
OKC,DTW,900
OKC,EWR,1325
OKC,FLL,1218
OKC,HOU,419
OKC,IAD,1136
OKC,IAH,395
OKC,LAS,986
OKC,LAX,1187
OKC,MDW,691
OKC,MIA,1222
OKC,MSP,694
OKC,ORD,693
OKC,PHX,833
OKC,SEA,1519
OKC,SFO,1384
OKC,SLC,866
OKC,STL,462
MAF,DAL,319
MAF,DEN,563
MAF,DFW,309
MAF,HOU,441
MAF,IAH,429
MAF,LAS,795
JLN,DFW,327
CDC,SLC,221
AGS,ATL,143
AGS,LGA,678
JMS,DEN,573
JMS,DVL,83
BTR,ATL,448
BTR,DCA,985
BTR,DFW,383
BTR,IAH,253
SLC,ABQ,493
SLC,ANC,2125
SLC,ATL,1590
SLC,AUS,1086
SLC,BIL,387
SLC,BNA,1404
SLC,BOI,290
SLC,BOS,2105
SLC,BTM,358
SLC,BUR,574
SLC,BWI,1865
SLC,BZN,347
SLC,CDC,221
SLC,CLT,1727
SLC,CNY,184
SLC,COD,298
SLC,COS,411
SLC,CPR,320
SLC,CVG,1450
SLC,DAL,999
SLC,DCA,1851
SLC,DEN,391
SLC,DFW,989
SLC,DSM,955
SLC,DTW,1481
SLC,EKO,200
SLC,EUG,618
SLC,EWR,1969
SLC,FAR,866
SLC,FAT,501
SLC,FCA,531
SLC,GCC,410
SLC,GEG,546
SLC,GJT,216
SLC,GTF,463
SLC,HLN,402
SLC,HNL,2994
SLC,HOU,1214
SLC,IAH,1195
SLC,IDA,188
SLC,IND,1355
SLC,JAC,205
SLC,JFK,1990
SLC,LAS,368
SLC,LAX,590
SLC,LGB,588
SLC,LWS,461
SLC,MCI,920
SLC,MCO,1931
SLC,MDW,1259
SLC,MEM,1262
SLC,MFR,575
SLC,MIA,2088
SLC,MSN,1174
SLC,MSO,436
SLC,MSP,991
SLC,MSY,1428
SLC,OAK,588
SLC,OKC,866
SLC,OMA,840
SLC,ONT,558
SLC,ORD,1250
SLC,PDX,630
SLC,PHL,1927
SLC,PHX,507
SLC,PIH,150
SLC,PSC,521
SLC,PSP,541
SLC,RAP,508
SLC,RDM,525
SLC,RKS,162
SLC,RNO,422
SLC,SAN,626
SLC,SAT,1087
SLC,SEA,689
SLC,SFO,599
SLC,SGU,272
SLC,SJC,584
SLC,SMF,532
SLC,SNA,588
SLC,STL,1156
SLC,SUN,222
SLC,TPA,1888
SLC,TUL,926
SLC,TUS,601
SLC,TWF,175
SLC,VEL,132
SLC,WYS,273
SLC,XNA,1004
DLG,ANC,329
GRR,ATL,640
GRR,BWI,528
GRR,CVG,268
GRR,DEN,1015
GRR,DFW,931
GRR,DTW,120
GRR,EWR,605
GRR,IAH,1042
GRR,LGA,618
GRR,MCO,1024
GRR,MSP,408
GRR,ORD,137
GRR,RSW,1147
GRR,STL,382
GRR,TPA,1041
CVG,ATL,373
CVG,BDL,661
CVG,BNA,230
CVG,BOS,752
CVG,BWI,430
CVG,CLT,335
CVG,DCA,411
CVG,DEN,1069
CVG,DFW,812
CVG,DTW,229
CVG,EWR,569
CVG,FLL,932
CVG,GRR,268
CVG,IAD,388
CVG,IAH,871
CVG,JFK,589
CVG,LAS,1678
CVG,LAX,1900
CVG,LGA,585
CVG,MCI,539
CVG,MCO,757
CVG,MEM,403
CVG,MIA,948
CVG,MKE,318
CVG,MSN,373
CVG,MSP,596
CVG,ORD,264.765867731913
CVG,PHX,1569
CVG,PIT,256
CVG,RDU,390
CVG,RIC,413
CVG,RSW,879
CVG,SAN,1865
CVG,SEA,1965
CVG,SFO,2036
CVG,SLC,1450
CVG,STL,308
CVG,TPA,773
CVG,TTN,532
CVG,XNA,562
ABY,ATL,145
BDL,ATL,859
BDL,BWI,283
BDL,CLE,476
BDL,CLT,644
BDL,CVG,661
BDL,DCA,313
BDL,DEN,1671
BDL,DFW,1471
BDL,DTW,549
BDL,EWR,116
BDL,FLL,1173
BDL,IAD,326
BDL,IAH,1507
BDL,LAS,2297
BDL,MCO,1050
BDL,MDW,777
BDL,MIA,1194
BDL,MSP,1050
BDL,ORD,783
BDL,PBI,1133
BDL,PHL,196
BDL,RDU,532
BDL,RSW,1180
BDL,SJU,1666
BDL,TPA,1111
DBQ,ORD,147
FAY,ATL,331
PNS,ATL,271
PNS,BNA,391
PNS,DCA,816
PNS,DFW,604
PNS,HOU,488
PNS,IAH,489
PNS,MDW,781
PNS,MIA,530
PNS,ORD,794
SAN,ABQ,628
SAN,ATL,1892
SAN,AUS,1164
SAN,BNA,1751
SAN,BOI,749
SAN,BOS,2588
SAN,BWI,2295
SAN,CLT,2077
SAN,CVG,1865
SAN,DAL,1182
SAN,DEN,853
SAN,DFW,1171
SAN,DTW,1956
SAN,EWR,2425
SAN,FAT,314
SAN,HNL,2614
SAN,HOU,1313
SAN,IAD,2253
SAN,IAH,1303
SAN,JFK,2446
SAN,KOA,2556
SAN,LAS,258
SAN,LAX,109
SAN,LIH,2676
SAN,MCI,1334
SAN,MCO,2149
SAN,MDW,1728
SAN,MIA,2267
SAN,MKE,1739
SAN,MSP,1532
SAN,MSY,1599
SAN,OAK,446
SAN,OGG,2541
SAN,ORD,1723
SAN,PDX,933
SAN,PHL,2370
SAN,PHX,304
SAN,RNO,488
SAN,SAT,1129
SAN,SEA,1050
SAN,SFO,447
SAN,SJC,417
SAN,SLC,626
SAN,SMF,480
SAN,STL,1557
SAN,TUS,368
